Date,Type,BUY Time,BUY Price,BUY Pattern,Earning(%),SL Price,TP Price,SELL Time,SELL Price,SELL Pattern,Chance,BUY2 Time,2nd Time,2nd Price,2nd Pattern,2nd Earning(%),2nd Chance,Total Earning(%),Final Chance
2022-10-03,C-PUT,09:50:00,141.185380044,Upper-Long-Green-Green,-0.8472,139.99,144.77,09:55:00,139.989252861,Long-Long-Green-Red,0,140.12569215,10:05:00,141.69818085,Upper-Long-Green-Green,-1.1222,0,-1.9694,0
2022-10-04,PUT,11:50:00,147.4843743,Long-Long-Red-Red,-0.21707,148.56,144.26,15:55:00,147.8045217,Bottom-Upper-Green-Green,0,0.0,None,0.0,Bottom-Upper-Green-Green,0,-1,-0.21707,0
2022-10-05,CALL,12:45:00,145.9307178,Upper-Long-Red-Green,0.71622,145.58,146.98,13:25:00,146.9759049,Upper-Bottom-Red-Green,1,0.0,None,0.0,Upper-Bottom-Red-Green,0,-1,0.71622,1
2022-10-06,PUT,10:05:00,148.6048902,Long-Long-Red-Red,1.0898,149.61,145.58,15:55:00,146.985321,Long-Long-Red-Green,1,0.0,None,0.0,Long-Long-Red-Green,0,-1,1.0898,1
2022-10-10,PUT,09:50:00,144.0945783,Bottom-Bottom-Red-Red,1.4115,144.77,142.06,13:00:00,142.06070069999998,Long-Bottom-Red-Red,1,0.0,None,0.0,Long-Bottom-Red-Red,0,-1,1.4115,1
2022-10-11,P-PUT,09:55:00,144.7160409,Bottom-Long-Red-Red,-0.63114,145.63,141.98,10:35:00,145.6294026,Bottom-Long-Green-Green,0,145.8365568,10:40:00,145.922996598,Long-Long-Green-Green,-0.059272,0,-0.69041,0
2022-10-12,P-PUT,09:50:00,146.1943686,Long-Long-Green-Red,-0.76646,147.31,142.83,11:45:00,147.3148845,Bottom-Long-Green-Green,0,147.3713811,11:55:00,147.5314548,Long-Bottom-Green-Green,-0.10862,0,-0.87508,0
2022-10-13,C-PUT,09:50:00,141.3450771,Upper-Long-Green-Green,-0.61955,140.47,143.97,10:30:00,140.4693798,Long-Long-Red-Red,0,140.53058445,11:10:00,141.4957347,Long-Long-Green-Green,-0.68679,0,-1.3063,0
2022-10-17,P-CALL,10:55:00,139.8196689,Bottom-Long-Red-Red,-0.64651,140.72,137.11,11:55:00,140.7236145,Upper-Long-Red-Green,0,140.7330306,15:55:00,140.96372505,Bottom-Bottom-Red-Red,0.81824,1,0.17173,1
2022-10-18,C-PUT,10:50:00,148.74142365,Long-Long-Green-Green,-0.95274,147.32,152.99,11:15:00,147.3243006,Long-Long-Red-Red,0,147.5126226,15:55:00,147.9645954,Upper-Bottom-Green-Red,0.52227,1,-0.43048,0
2022-10-19,PUT,12:00:00,147.54557895,Bottom-Long-Green-Red,0.81368,147.95,146.35,12:45:00,146.3450262,Long-Long-Red-Red,1,0.0,None,0.0,Long-Long-Red-Red,0,-1,0.81368,1
2022-10-20,PUT,10:40:00,148.3694877,Bottom-Long-Red-Red,1.4851,149.1,146.17,12:25:00,146.1661203,Upper-Long-Green-Red,1,0.0,None,0.0,Upper-Long-Green-Red,0,-1,1.4851,1
2022-10-21,P-CALL,11:05:00,146.69812995,Long-Long-Red-Red,-0.55522,147.51,144.25,11:45:00,147.5126226,Upper-Long-Red-Green,0,147.6161997,15:55:00,149.7348222,Long-Bottom-Green-Green,2.07,1,1.5148,1
2022-10-24,P-CALL,10:05:00,151.0154118,Bottom-Long-Green-Red,-1.4466,153.2,144.46,14:55:00,153.199947,Long-Upper-Green-Red,0,153.15757455,15:35:00,152.7950547,Long-Bottom-Red-Red,-0.2367,0,-1.6833,0
2022-10-25,P-CALL,10:10:00,153.2470275,Bottom-Long-Red-Red,-0.68203,154.29,150.11,11:15:00,154.2922146,Long-Long-Green-Red,0,154.141557,14:05:00,155.52572370000001,Long-Long-Green-Green,0.89798,1,0.21596,1
2022-10-26,C-CALL,10:20:00,158.09161095,Upper-Long-Green-Green,-0.7058,156.98,161.44,14:50:00,156.9758031,Long-Upper-Red-Green,0,157.1641251,14:55:00,156.92401455,Upper-Upper-Green-Red,-0.15278,0,-0.85858,0
2022-10-27,CALL,10:05:00,158.6707011,Upper-Long-Red-Green,-0.86642,157.06,163.5,15:55:00,157.2959505,Bottom-Long-Red-Red,0,0.0,None,0.0,Bottom-Long-Red-Red,0,-1,-0.86642,0
2022-10-28,CALL,10:20:00,155.0078382,Upper-Long-Green-Green,1.9317,153.71,158.91,15:55:00,158.002158,Upper-Upper-Red-Green,1,0.0,None,0.0,Upper-Upper-Red-Green,0,-1,1.9317,1
2022-11-01,CALL,11:50:00,154.5841137,Upper-Long-Green-Green,0.37766,154.11,156,15:55:00,155.1679119,Long-Long-Green-Red,1,0.0,None,0.0,Long-Long-Green-Red,0,-1,0.37766,1
2022-11-02,P-CALL,09:55:00,154.18392945,Bottom-Long-Red-Red,-0.36337,154.74,152.5,14:05:00,154.7441874,Upper-Long-Red-Green,0,155.6575491,14:40:00,153.953235,Long-Upper-Red-Red,-1.0949,0,-1.4583,0
2022-11-03,CALL,10:05:00,149.6971578,Long-Long-Green-Green,0.55982,148.65,152.85,15:55:00,150.5351907,Long-Upper-Red-Red,1,0.0,None,0.0,Long-Upper-Red-Red,0,-1,0.55982,1
2022-11-04,P-PUT,10:35:00,151.07661645,Long-Long-Green-Red,-0.40824,151.69,149.23,10:45:00,151.693371,Bottom-Bottom-Green-Green,0,151.1566533,11:55:00,149.29254798299996,Long-Long-Red-Red,1.2332,1,0.82499,1
2022-11-08,C-PUT,09:55:00,152.446659,Long-Long-Red-Green,-0.36918,151.88,154.14,10:00:00,151.883858703,Long-Long-Green-Red,0,151.8251964,10:20:00,152.6726454,Upper-Long-Green-Green,-0.55817,0,-0.92735,0
2022-11-10,P-CALL,12:55:00,152.4184107,Bottom-Long-Red-Red,-0.43862,153.09,150.41,13:15:00,153.0869538,Upper-Long-Green-Green,0,153.0398733,15:55:00,154.6311942,Long-Bottom-Red-Green,1.4518,1,1.0132,1
2022-11-14,P-CALL,09:50:00,162.67725165,Long-Long-Red-Red,-0.6396,163.72,159.56,10:00:00,163.7177307,Long-Long-Green-Green,0,163.6988985,15:55:00,163.3975833,Long-Long-Red-Red,0.4428,1,-0.1968,0
2022-11-15,P-CALL,09:50:00,168.090048,Bottom-Long-Green-Red,-1.3219,170.31,161.42,10:05:00,170.3119824,Long-Long-Green-Green,0,170.3072448,12:40:00,168.1848,Bottom-Long-Green-Red,-1.2462,0,-2.5681,0
2022-11-17,P-CALL,09:50:00,145.0463616,Bottom-Long-Green-Red,-0.75124,146.14,141.78,10:05:00,146.1360096,Long-Long-Green-Green,0,146.73105216,12:55:00,151.95567743999996,Long-Long-Green-Green,3.5607,1,2.8094,1
2022-11-18,CALL,10:30:00,153.0292176,Long-Long-Green-Green,0.65323,151.8,156.71,15:55:00,154.0288512,Long-Long-Red-Red,1,0.0,None,0.0,Long-Long-Red-Red,0,-1,0.65323,1
2022-11-21,PUT,11:05:00,150.4188,Long-Long-Green-Red,1.1528,151,148.68,13:05:00,148.68483840000002,Long-Long-Red-Red,1,0.0,None,0.0,Long-Long-Red-Red,0,-1,1.1528,1
2022-11-22,P-CALL,10:40:00,148.7511648,Long-Long-Green-Red,-0.59864,149.64,146.08,11:00:00,149.641644096,Long-Long-Green-Green,0,149.6797344,11:50:00,148.9169808,Long-Long-Red-Red,-0.50959,0,-1.1082,0
2022-11-23,C-CALL,12:20:00,154.0004256,Long-Long-Red-Green,-0.29533,153.55,155.36,13:00:00,153.545616,Long-Upper-Red-Red,0,153.5266656,13:50:00,154.52156160000004,Long-Upper-Green-Green,0.64803,1,0.3527,1
2022-11-28,C-PUT,11:50:00,157.108385952,Upper-Long-Green-Green,-0.19305,156.81,158.02,12:05:00,156.8050848,Bottom-Long-Red-Red,0,156.544422048,12:35:00,157.1177664,Long-Long-Green-Green,-0.36625,0,-0.5593,0
2022-11-29,CALL,10:00:00,154.647202752,Long-Long-Green-Green,1.6221,153.03,159.49,15:55:00,157.1556672,Upper-Long-Green-Red,1,0.0,None,0.0,Upper-Long-Green-Red,0,-1,1.6221,1
2022-12-01,CALL,11:35:00,155.86704,Long-Long-Green-Green,0.45593,155.23,157.79,15:55:00,156.57768,Long-Bottom-Red-Red,1,0.0,None,0.0,Long-Bottom-Red-Red,0,-1,0.45593,1
2022-12-02,P-PUT,09:55:00,154.8579312,Bottom-Long-Green-Red,-0.53789,155.69,152.36,10:15:00,155.690896032,Bottom-Bottom-Green-Red,0,155.4027552,10:30:00,154.40785920000005,Upper-Upper-Red-Red,0.6402,1,0.10232,1
2022-12-06,PUT,10:00:00,147.2825088,Long-Long-Red-Red,0.35383,148.46,143.76,15:55:00,146.7613728,Bottom-Long-Green-Red,1,0.0,None,0.0,Bottom-Long-Green-Red,0,-1,0.35383,1
2022-12-07,P-PUT,10:10:00,146.2402368,Long-Long-Green-Red,-0.41273,146.84,144.43,10:35:00,146.84380704,Long-Bottom-Green-Red,0,146.5292304,10:40:00,146.8561248,Bottom-Long-Red-Green,-0.22309,0,-0.63582,0
2022-12-08,P-PUT,10:20:00,145.8801792,Bottom-Long-Red-Red,-0.46765,146.56,143.83,10:40:00,146.5623936,Upper-Bottom-Green-Red,0,146.422065888,11:10:00,145.830529152,Bottom-Long-Red-Red,0.40399,1,-0.06366,0
2022-12-12,C-CALL,10:35:00,141.676696224,Long-Long-Green-Green,-0.23655,141.34,142.68,10:45:00,141.3415584,Long-Upper-Red-Green,0,141.5310624,12:05:00,141.2847072,Long-Upper-Red-Red,-0.17406,0,-0.41062,0
2022-12-13,C-CALL,14:45:00,144.02304,Long-Long-Green-Green,-0.59539,143.17,146.6,15:00:00,143.1655344,Long-Upper-Red-Red,0,143.1607968,15:05:00,143.028144,Upper-Long-Red-Red,-0.09266,0,-0.68805,0
2022-12-14,CALL,10:10:00,142.8907536,Long-Long-Green-Green,1.1041,142.36,144.47,10:55:00,144.46837440000004,Upper-Long-Green-Green,1,0.0,None,0.0,Upper-Long-Green-Green,0,-1,1.1041,1
2022-12-15,P-CALL,14:50:00,138.7548288,Bottom-Long-Green-Red,-0.27998,139.14,137.59,15:00:00,139.143312,Long-Long-Green-Green,0,139.2191136,15:55:00,139.8444768,Upper-Long-Green-Green,0.7853,1,0.50533,1
2022-12-16,PUT,10:00:00,139.118486976,Long-Long-Red-Red,0.074102,139.64,137.57,15:55:00,139.0153968,Long-Upper-Red-Red,1,0.0,None,0.0,Long-Upper-Red-Red,0,-1,0.074102,1
2022-12-20,P-PUT,10:05:00,135.583668864,Long-Bottom-Green-Red,-0.15151,135.79,134.97,10:10:00,135.7890912,Bottom-Long-Red-Red,0,135.4574592,10:25:00,135.7938288,Upper-Long-Red-Green,-0.24832,0,-0.39983,0
2022-12-21,C-PUT,09:50:00,135.826992,Long-Long-Red-Green,-0.7255,134.84,138.78,14:55:00,134.8415712,Bottom-Long-Red-Red,0,134.7752448,15:25:00,135.187416,Bottom-Bottom-Red-Green,-0.30582,0,-1.0313,0
2022-12-22,P-PUT,09:55:00,133.742448,Bottom-Bottom-Green-Red,-0.063762,133.83,133.49,10:00:00,133.8277248,Bottom-Long-Red-Green,0,133.9888032,10:05:00,133.87510080000004,Long-Long-Green-Red,0.08486,1,0.021098,1
2022-12-23,P-CALL,11:05:00,133.031808,Bottom-Long-Red-Red,-0.41311,133.58,131.38,11:15:00,133.5813696,Long-Long-Green-Green,0,133.5624192,15:15:00,135.38165759999995,Long-Long-Red-Green,1.3621,1,0.94898,1
2022-12-27,CALL,09:55:00,135.6043248,Long-Long-Red-Green,0.97474,135.16,136.93,10:20:00,136.92611520000003,Long-Long-Green-Green,1,0.0,None,0.0,Long-Long-Green-Green,0,-1,0.97474,1
2022-12-28,PUT,10:30:00,138.33792,Long-Long-Red-Red,0.28767,139.35,135.3,15:55:00,137.9399616,Bottom-Long-Green-Green,1,0.0,None,0.0,Bottom-Long-Green-Green,0,-1,0.28767,1
2022-12-29,C-PUT,12:25:00,141.1046784,Upper-Long-Red-Green,-0.10073,140.96,141.53,12:30:00,140.9625504,Long-Long-Green-Red,0,140.908731264,14:45:00,141.18048,Long-Long-Green-Green,-0.19285,0,-0.29358,0
2023-01-03,P-CALL,09:55:00,142.2796032,Long-Long-Red-Red,-1.3452,144.19,136.54,11:00:00,144.1935936,Long-Long-Green-Green,0,144.477754848,11:10:00,143.6535072,Long-Long-Red-Red,-0.5705,0,-1.9157,0
2023-01-04,P-CALL,10:05:00,142.033248,Long-Long-Green-Red,-0.91728,143.34,138.12,11:10:00,143.336088,Upper-Long-Green-Green,0,143.3455632,11:35:00,144.63892799999994,Long-Long-Green-Green,0.90227,1,-0.015008,0
2023-01-05,CALL,09:55:00,143.4995352,Upper-Long-Red-Green,1.4411,142.81,145.57,14:10:00,145.56749759999997,Long-Long-Green-Green,1,0.0,None,0.0,Long-Long-Green-Green,0,-1,1.4411,1
2023-01-06,P-CALL,10:10:00,150.5514528,Long-Long-Red-Red,-1.051,152.13,145.8,14:30:00,152.133716448,Bottom-Upper-Green-Green,0,152.07696,14:55:00,152.44649280000007,Upper-Long-Green-Green,0.24299,1,-0.80799,0
2023-01-09,C-PUT,10:05:00,151.0489008,Long-Long-Red-Green,-0.44538,150.38,153.07,13:40:00,150.3761616,Long-Long-Red-Red,0,150.4946016,15:00:00,149.04489600000002,Upper-Long-Green-Red,0.96329,1,0.51792,1
2023-01-10,PUT,09:50:00,147.6615168,Long-Long-Green-Red,-0.25507,148.87,144.02,15:55:00,148.038156,Upper-Upper-Green-Green,0,0.0,None,0.0,Upper-Upper-Green-Green,0,-1,-0.25507,0
2023-01-11,C-PUT,10:10:00,148.593971232,Long-Long-Green-Green,-0.57013,147.75,151.14,10:40:00,147.7467936,Long-Long-Red-Green,0,148.0784256,10:50:00,148.270677408,Long-Long-Red-Green,-0.12983,0,-0.69996,0
2023-01-12,CALL,10:05:00,149.9829408,Long-Long-Green-Green,0.76442,148.45,154.57,15:55:00,151.12944,Long-Long-Red-Green,1,0.0,None,0.0,Long-Long-Red-Green,0,-1,0.76442,1
2023-01-13,CALL,10:50:00,153.592992,Upper-Long-Red-Green,1.0086,153.08,155.14,12:30:00,155.14218720000005,Long-Long-Green-Green,1,0.0,None,0.0,Long-Long-Green-Green,0,-1,1.0086,1
2023-01-17,C-PUT,10:05:00,156.2270976,Long-Long-Red-Green,-0.51553,155.42,158.64,10:10:00,155.4217056,Long-Long-Green-Red,0,155.7438624,12:35:00,153.95304960000004,Long-Long-Red-Red,1.1498,1,0.63432,1
2023-01-18,PUT,10:35:00,155.710888704,Long-Long-Red-Red,0.62945,156.04,154.73,10:55:00,154.73077401600003,Bottom-Long-Green-Red,1,0.0,None,0.0,Bottom-Long-Green-Red,0,-1,0.62945,1
2023-01-19,C-PUT,10:10:00,151.0915392,Upper-Long-Green-Green,-0.5644,150.24,153.65,10:15:00,150.2387712,Long-Long-Green-Red,0,150.4188,11:20:00,151.12944,Long-Bottom-Green-Green,-0.47244,0,-1.0368,0
2023-01-24,C-CALL,12:20:00,155.440656,Upper-Long-Red-Green,-0.13411,155.23,156.07,12:35:00,155.2322016,Upper-Long-Red-Red,0,155.2227264,12:40:00,155.2132512,Long-Long-Red-Red,-0.0061043,0,-0.14021,0
2023-01-25,CALL,11:55:00,153.308736,Upper-Long-Red-Green,0.98269,152.81,154.82,13:50:00,154.81529280000007,Bottom-Long-Red-Green,1,0.0,None,0.0,Bottom-Long-Red-Green,0,-1,0.98269,1
2023-01-27,CALL,11:25:00,159.9745392,Long-Long-Red-Green,0.63079,159.64,160.98,12:30:00,160.98364800000004,Upper-Long-Red-Green,1,0.0,None,0.0,Upper-Long-Red-Green,0,-1,0.63079,1
2023-02-01,P-CALL,10:20:00,161.9501184,Bottom-Long-Red-Red,-0.34519,162.51,160.27,11:10:00,162.5091552,Long-Long-Green-Green,0,162.5281056,14:05:00,161.883792,Bottom-Upper-Green-Red,-0.39643,0,-0.74162,0
2023-02-02,CALL,09:50:00,169.888346208,Long-Long-Green-Green,0.79873,167.78,176.22,15:55:00,171.2452896,Bottom-Long-Green-Green,1,0.0,None,0.0,Bottom-Long-Green-Green,0,-1,0.79873,1
2023-02-03,P-CALL,10:30:00,168.450200352,Long-Long-Green-Red,-0.30363,168.96,166.92,10:35:00,168.961671648,Long-Long-Red-Green,0,169.0280928,11:55:00,168.450200352,Long-Long-Red-Green,-0.34189,0,-0.64552,0
2023-02-06,C-PUT,11:20:00,163.968336,Long-Long-Green-Green,-0.21959,163.61,165.05,11:50:00,163.6082784,Bottom-Long-Green-Red,0,163.636704,14:00:00,163.9730736,Bottom-Long-Red-Green,-0.20556,0,-0.42515,0
2023-02-07,C-PUT,12:45:00,164.1862656,Long-Long-Green-Green,-0.4184,163.5,166.25,13:35:00,163.4993136,Long-Long-Red-Red,0,163.1818944,14:20:00,164.6979264,Long-Bottom-Green-Green,-0.92904,0,-1.3474,0
2023-02-08,PUT,09:50:00,164.1199392,Long-Long-Green-Red,0.72744,164.79,162.1,15:55:00,162.926064,Long-Bottom-Red-Red,1,0.0,None,0.0,Long-Bottom-Red-Red,0,-1,0.72744,1
2023-02-09,C-CALL,09:50:00,164.2715424,Upper-Long-Red-Green,-0.34031,163.71,165.95,11:25:00,163.7125056,Upper-Long-Green-Red,0,163.6272288,11:30:00,163.6272288,Long-Bottom-Red-Green,0,1,-0.34031,0
2023-02-14,CALL,13:10:00,162.7096555,Long-Long-Green-Green,0.5274,161.79,165.46,15:55:00,163.5677785,Upper-Upper-Red-Red,1,0.0,None,0.0,Upper-Upper-Red-Red,0,-1,0.5274,1
2023-02-16,P-CALL,09:55:00,166.380515,Bottom-Long-Red-Red,-0.82521,167.75,162.26,10:55:00,167.7535118,Long-Long-Green-Green,0,167.8488588,15:25:00,166.9907358,Long-Long-Red-Red,-0.51125,0,-1.3365,0
2023-02-17,PUT,10:40:00,164.4640403,Bottom-Bottom-Green-Red,0.38263,164.67,163.83,11:05:00,163.83475009999995,Long-Upper-Red-Red,1,0.0,None,0.0,Long-Upper-Red-Red,0,-1,0.38263,1
2023-02-21,PUT,09:50:00,161.40816895,Long-Long-Green-Red,1.6629,163.03,156.53,15:55:00,158.7241509,Long-Long-Red-Red,1,0.0,None,0.0,Long-Long-Red-Red,0,-1,1.6629,1
2023-02-22,PUT,10:30:00,160.0971477,Long-Long-Green-Red,1.3579,160.82,157.92,14:40:00,157.92323609999994,Long-Long-Red-Red,1,0.0,None,0.0,Long-Long-Red-Red,0,-1,1.3579,1
2023-02-24,P-CALL,10:25:00,156.750468,Long-Bottom-Red-Red,-0.31022,157.24,155.29,11:45:00,157.2367377,Upper-Long-Red-Green,0,157.608591,15:55:00,158.88147345,Long-Upper-Red-Red,1.3595,1,1.0493,1
2023-02-27,P-CALL,09:50:00,160.354679947,Bottom-Long-Red-Red,-0.58562,161.29,157.54,10:00:00,161.29375255,Long-Long-Green-Green,0,161.231777,12:00:00,160.4308622,Long-Long-Red-Red,-0.49675,0,-1.0824,0
2023-03-02,P-CALL,10:40:00,155.746940825,Long-Long-Red-Red,-0.26526,156.16,154.51,10:55:00,156.160079376,Upper-Long-Green-Green,0,156.1402472,11:20:00,155.606304,Long-Upper-Red-Green,-0.34196,0,-0.60723,0
2023-03-03,C-CALL,09:55:00,157.61431182,Upper-Long-Red-Green,-0.50573,156.82,160.01,10:05:00,156.8172109,Bottom-Upper-Red-Red,0,157.1699948,15:55:00,158.1616036,Long-Upper-Red-Red,0.34723,1,-0.15849,0
2023-03-06,P-CALL,09:50:00,157.20336625,Long-Long-Green-Red,-0.48522,157.97,154.92,10:20:00,157.96614225,Upper-Long-Green-Green,0,158.085326,12:50:00,157.2462724,Bottom-Long-Red-Red,-0.53076,0,-1.016,0
2023-03-07,PUT,10:05:00,157.513244,Long-Long-Green-Red,1.5254,158.87,153.45,15:55:00,155.1104996,Long-Long-Red-Red,1,0.0,None,0.0,Long-Long-Red-Red,0,-1,1.5254,1
2023-03-08,C-CALL,14:20:00,155.3965406,Long-Long-Green-Green,-0.17794,155.12,156.23,14:35:00,155.1200343,Upper-Long-Red-Red,0,155.1486384,14:40:00,155.1104996,Long-Long-Red-Red,-0.024582,0,-0.20252,0
2023-03-09,PUT,09:55:00,155.9018797,Long-Long-Green-Red,1.6997,156.79,153.25,15:25:00,153.251995876,Long-Upper-Red-Red,1,0.0,None,0.0,Long-Upper-Red-Red,0,-1,1.6997,1
2023-03-13,CALL,10:35:00,150.3240802,Long-Long-Red-Green,0.23468,149.3,153.38,15:55:00,150.6768641,Upper-Long-Red-Red,1,0.0,None,0.0,Upper-Long-Red-Red,0,-1,0.23468,1
2023-03-14,C-PUT,09:50:00,152.5265959,Upper-Long-Red-Green,-0.38513,151.94,154.29,09:55:00,151.939163033,Long-Long-Green-Red,0,151.882622262,11:20:00,152.6314776,Upper-Long-Green-Green,-0.49305,0,-0.87818,0
2023-03-15,CALL,10:05:00,150.09048005,Long-Long-Red-Green,1.2102,149.49,151.91,11:15:00,151.9068404,Long-Bottom-Green-Green,1,0.0,None,0.0,Long-Bottom-Green-Green,0,-1,1.2102,1
2023-03-16,P-CALL,10:10:00,151.02488065,Bottom-Long-Red-Red,-0.50816,151.79,148.72,10:55:00,151.792328653,Long-Long-Green-Green,0,152.31206515,15:55:00,155.29642625,Upper-Bottom-Red-Red,2.8284,1,2.3202,1
2023-03-17,PUT,10:10:00,154.5193482,Long-Long-Green-Red,1.7956,155.44,151.74,14:25:00,151.74475049999995,Long-Long-Green-Red,1,0.0,None,0.0,Long-Long-Green-Red,0,-1,1.7956,1
2023-03-20,CALL,09:50:00,152.9079839,Long-Long-Green-Green,1.6181,151.85,156.08,15:55:00,155.38223855,Long-Long-Green-Green,1,0.0,None,0.0,Long-Long-Green-Green,0,-1,1.6181,1
2023-03-22,C-CALL,10:10:00,154.8530627,Upper-Long-Green-Green,-0.39714,154.24,156.7,11:15:00,154.23807455,Long-Upper-Red-Red,0,154.1284255,11:45:00,153.9091274,Long-Long-Red-Red,-0.14228,0,-0.53943,0
2023-03-23,PUT,10:25:00,150.723298089,Bottom-Long-Red-Red,1.7295,151.59,148.12,14:40:00,148.11660645600003,Long-Long-Red-Red,1,0.0,None,0.0,Long-Long-Red-Red,0,-1,1.7295,1
2023-03-24,P-CALL,10:10:00,146.4053185,Bottom-Long-Green-Red,-0.34516,146.91,144.89,10:30:00,146.9106576,Upper-Long-Green-Green,0,147.1013516,15:55:00,148.7603894,Upper-Upper-Red-Red,1.6086,1,1.2634,1
2023-03-27,C-CALL,09:50:00,150.8103499,Upper-Long-Green-Green,-0.84087,149.54,154.61,10:40:00,149.5422348,Bottom-Upper-Red-Green,0,149.589812953,10:45:00,149.466052547,Upper-Long-Green-Red,-0.082733,0,-0.9236,0
2023-03-28,PUT,10:35:00,152.4217142,Long-Long-Red-Red,0.29401,153.55,149.03,15:55:00,151.9735833,Long-Long-Red-Green,1,0.0,None,0.0,Long-Long-Red-Green,0,-1,0.29401,1
2023-03-30,PUT,11:00:00,152.9175186,Long-Long-Red-Red,0.19953,153.59,150.89,15:55:00,152.6124082,Long-Bottom-Red-Red,1,0.0,None,0.0,Long-Bottom-Red-Red,0,-1,0.19953,1
2023-04-03,C-CALL,10:20:00,159.28193085,Upper-Long-Green-Green,-0.26039,158.87,160.53,10:50:00,158.8671714,Upper-Long-Green-Red,0,158.8957755,10:55:00,158.83379995,Long-Upper-Red-Red,-0.039004,0,-0.2994,0
2023-04-04,C-PUT,10:00:00,158.5048528,Long-Long-Green-Green,-0.33085,157.98,160.08,11:45:00,157.9804443,Long-Long-Red-Green,0,158.3046241,11:50:00,158.4190405,Long-Bottom-Green-Green,-0.072276,0,-0.40312,0
2023-04-05,P-PUT,10:05:00,158.1139301,Bottom-Long-Green-Red,-0.12664,158.31,157.51,10:10:00,158.3141588,Long-Bottom-Red-Green,0,158.20450975,10:40:00,157.33208470000002,Bottom-Long-Green-Red,0.55145,1,0.42482,1
2023-04-06,CALL,10:05:00,155.1104996,Upper-Long-Green-Green,1.4476,154.36,157.36,12:20:00,157.35592145,Upper-Long-Red-Green,1,0.0,None,0.0,Upper-Long-Red-Green,0,-1,1.4476,1
2023-04-10,P-PUT,09:55:00,157.0555784,Bottom-Long-Green-Red,-0.51603,157.87,154.62,10:05:00,157.8660279,Bottom-Long-Green-Green,0,157.906645722,10:10:00,157.9327708,Long-Long-Green-Green,-0.016545,0,-0.53257,0
2023-04-11,PUT,10:40:00,162.4331492,Long-Long-Red-Red,0.42263,163.14,160.32,15:55:00,161.7466508,Long-Bottom-Red-Red,1,0.0,None,0.0,Long-Bottom-Red-Red,0,-1,0.42263,1
2023-04-13,C-PUT,11:05:00,155.3870059,Long-Long-Red-Green,-0.3651,154.82,157.09,11:25:00,154.81969125,Bottom-Bottom-Red-Red,0,154.9484097,12:10:00,155.1009649,Long-Long-Green-Green,-0.098455,0,-0.46355,0
2023-04-17,P-CALL,10:40:00,154.2523766,Bottom-Long-Red-Red,-0.22871,154.61,153.19,11:20:00,154.6051605,Long-Long-Red-Green,0,154.7100422,11:40:00,154.3191195,Upper-Upper-Red-Red,-0.25268,0,-0.48139,0
2023-04-18,C-PUT,09:55:00,154.85783005,Long-Long-Red-Green,-0.19395,154.56,155.76,13:35:00,154.557487,Long-Long-Red-Green,0,154.748181,13:40:00,154.61946254999992,Long-Long-Green-Red,0.083179,1,-0.11077,0
2023-04-19,P-CALL,09:50:00,152.936588,Bottom-Long-Green-Red,-0.62344,153.89,150.08,10:55:00,153.890058,Upper-Upper-Red-Green,0,153.8328498,11:25:00,153.5277394,Long-Long-Red-Green,-0.19834,0,-0.82178,0
2023-04-20,C-PUT,13:55:00,154.204607753,Long-Long-Red-Green,-0.16688,153.95,154.98,14:00:00,153.9472662,Long-Long-Green-Red,0,153.99970705,14:25:00,153.38500494100003,Long-Long-Red-Red,0.39916,1,0.23227,1
2023-04-21,C-CALL,10:25:00,155.63014075,Upper-Long-Green-Green,-0.29714,155.17,157.02,10:40:00,155.1677078,Upper-Long-Red-Red,0,155.129569,10:45:00,155.082753623,Long-Long-Red-Red,-0.030178,0,-0.32731,0
2023-04-24,PUT,10:00:00,155.5872346,Long-Long-Red-Red,-0.17465,156.25,153.6,15:55:00,155.85897355,Long-Upper-Green-Red,0,0.0,None,0.0,Long-Upper-Green-Red,0,-1,-0.17465,0
2023-04-26,PUT,11:40:00,150.39559045,Bottom-Long-Red-Red,0.6942,150.74,149.35,12:20:00,149.35154079999995,Long-Long-Red-Red,1,0.0,None,0.0,Long-Long-Red-Red,0,-1,0.6942,1
2023-05-01,C-PUT,09:55:00,150.2859414,Upper-Long-Red-Green,-0.27281,149.88,151.52,14:10:00,149.8759493,Long-Long-Red-Red,0,149.8568799,14:40:00,149.18468354999996,Long-Upper-Red-Red,0.44856,1,0.17575,1
2023-05-02,CALL,12:55:00,147.679440461,Long-Long-Red-Green,0.65771,147.18,149.18,15:55:00,148.65074035,Long-Long-Red-Green,1,0.0,None,0.0,Long-Long-Red-Green,0,-1,0.65771,1
2023-05-03,PUT,10:40:00,149.3706102,Bottom-Long-Green-Red,1.1298,149.93,147.68,15:35:00,147.68296829999997,Long-Upper-Red-Red,1,0.0,None,0.0,Long-Upper-Red-Red,0,-1,1.1298,1
2023-05-04,C-PUT,13:25:00,145.2420851,Long-Long-Green-Green,-0.5383,144.46,147.59,15:20:00,144.4602397,Long-Long-Red-Red,0,144.422196247,15:35:00,144.944125725,Bottom-Long-Red-Green,-0.36139,0,-0.8997,0
2023-05-05,C-CALL,11:50:00,149.6089777,Long-Long-Red-Green,-0.14658,149.39,150.27,12:00:00,149.3896796,Upper-Upper-Red-Red,0,149.47644537,12:10:00,149.3515408,Bottom-Upper-Red-Green,-0.083561,0,-0.23014,0
2023-05-08,PUT,09:50:00,149.2371244,Bottom-Long-Red-Red,0.051112,150.45,145.6,15:55:00,149.1608468,Long-Long-Red-Red,1,0.0,None,0.0,Long-Long-Red-Red,0,-1,0.051112,1
2023-05-09,CALL,09:55:00,148.9892222,Long-Long-Red-Green,0.38398,148.8,149.56,10:10:00,149.56130420000002,Long-Long-Green-Green,1,0.0,None,0.0,Long-Long-Green-Green,0,-1,0.38398,1
2023-05-10,C-PUT,10:05:00,150.6673294,Long-Long-Green-Green,-0.82901,149.42,154.41,12:30:00,149.4182837,Bottom-Long-Green-Red,0,149.1894509,15:10:00,149.790137,Upper-Long-Red-Green,-0.40263,0,-1.2316,0
2023-05-11,CALL,10:50:00,150.4003578,Long-Long-Green-Green,0.6815,149.49,153.15,15:55:00,151.42533805,Bottom-Long-Green-Green,1,0.0,None,0.0,Bottom-Long-Green-Green,0,-1,0.6815,1
2023-05-12,P-CALL,09:50:00,150.4957048,Long-Long-Red-Red,-0.88697,151.83,146.49,09:55:00,151.8305628,Long-Long-Red-Green,0,151.506383,12:40:00,150.4957048,Upper-Long-Red-Red,-0.66709,0,-1.5541,0
2023-05-15,P-CALL,12:05:00,151.8591669,Long-Long-Red-Red,-0.37672,152.43,150.14,12:55:00,152.4312489,Long-Long-Green-Green,0,152.459853,15:55:00,152.6982205,Long-Upper-Green-Green,0.55252,1,0.1758,1
2023-05-16,PUT,12:20:00,152.5712742,Long-Long-Red-Red,1.0822,153.33,150.3,15:55:00,150.9201946,Upper-Long-Red-Red,1,0.0,None,0.0,Upper-Long-Red-Red,0,-1,1.0822,1
2023-05-22,CALL,10:20:00,144.47426465,Long-Long-Green-Green,1.2857,143.86,146.33,14:55:00,146.3317292,Long-Long-Green-Green,1,0.0,None,0.0,Long-Long-Green-Green,0,-1,1.2857,1
2023-05-23,C-PUT,09:50:00,143.75431715,Long-Long-Green-Green,-0.67777,142.78,146.68,14:20:00,142.7799882,Long-Long-Red-Red,0,142.77518855,15:10:00,141.72406519999998,Upper-Long-Red-Red,0.73621,1,0.058435,1
2023-05-24,C-CALL,10:35:00,138.325913,Long-Long-Green-Green,-0.69327,137.37,141.2,12:35:00,137.36694293,Upper-Long-Red-Red,0,137.1643977,12:40:00,137.39478089999994,Long-Long-Red-Green,0.16796,1,-0.52531,0
2023-05-25,PUT,10:05:00,135.0333531,Bottom-Long-Red-Red,-0.08886,136.07,131.92,15:55:00,135.15334435,Long-Upper-Red-Red,0,0.0,None,0.0,Long-Upper-Red-Red,0,-1,-0.08886,0
2023-05-26,CALL,10:30:00,133.4110714,Upper-Long-Red-Green,-0.043172,132.14,137.22,15:55:00,133.3534756,Long-Upper-Green-Red,0,0.0,None,0.0,Long-Upper-Green-Red,0,-1,-0.043172,0
2023-05-30,C-PUT,10:10:00,131.4240163,Long-Long-Red-Green,-0.67197,130.54,134.07,10:25:00,130.5408807,Bottom-Long-Green-Red,0,130.4256891,15:55:00,128.3618396,Long-Long-Green-Red,2.33,1,1.658,1
2023-06-01,CALL,09:50:00,122.679054,Long-Long-Red-Green,2.3005,121.74,125.5,13:15:00,125.50124819999996,Long-Long-Green-Green,1,0.0,None,0.0,Long-Long-Green-Green,0,-1,2.3005,1
2023-06-02,P-CALL,10:05:00,126.2979901,Bottom-Long-Red-Red,-1.1325,127.73,122.01,14:05:00,127.7282858,Upper-Long-Green-Green,0,127.7090872,15:55:00,127.862676,Bottom-Long-Red-Green,1.2389,1,0.10641,1
2023-06-07,P-CALL,10:35:00,126.20295703,Bottom-Long-Green-Red,-0.39476,126.7,124.71,14:35:00,126.7011607,Upper-Long-Red-Green,0,126.7587565,14:40:00,126.4899761,Long-Long-Green-Red,-0.21204,0,-0.6068,0
2023-06-08,PUT,09:50:00,126.26823227,Bottom-Long-Green-Red,0.26152,127.45,122.72,15:55:00,125.93801635,Upper-Long-Red-Green,1,0.0,None,0.0,Upper-Long-Red-Green,0,-1,0.26152,1
2023-06-12,CALL,10:00:00,120.8839849,Long-Long-Red-Green,0.46454,120.07,123.33,15:55:00,121.44554395,Bottom-Bottom-Green-Green,1,0.0,None,0.0,Bottom-Bottom-Green-Green,0,-1,0.46454,1
2023-06-13,C-PUT,10:30:00,123.091919893,Long-Long-Red-Green,-0.55767,122.41,125.15,11:00:00,122.40547395,Long-Long-Red-Red,0,122.441087353,11:15:00,122.89503825,Long-Long-Green-Green,-0.37075,0,-0.92842,0
2023-06-15,CALL,10:45:00,130.4352884,Long-Long-Red-Green,1.2364,129.9,132.05,14:45:00,132.04797079999997,Long-Upper-Green-Red,1,0.0,None,0.0,Long-Upper-Green-Red,0,-1,1.2364,1
2023-06-20,C-PUT,11:35:00,126.9315439,Long-Long-Green-Green,-0.17394,126.71,127.59,12:10:00,126.71076,Long-Long-Green-Red,0,126.71076,12:15:00,126.8355509,Long-Long-Red-Green,-0.098485,0,-0.27242,0
2023-06-21,P-CALL,13:00:00,127.286718,Bottom-Bottom-Green-Red,-0.14329,127.47,126.74,13:15:00,127.4691047,Upper-Long-Green-Green,0,127.4691047,13:25:00,127.252544492,Long-Bottom-Red-Red,-0.16989,0,-0.31318,0
2023-06-22,CALL,11:20:00,127.017073663,Long-Long-Green-Green,0.15939,126.38,128.92,15:55:00,127.2195229,Upper-Upper-Red-Red,1,0.0,None,0.0,Upper-Upper-Red-Red,0,-1,0.15939,1
2023-06-27,CALL,10:00:00,128.1122578,Long-Long-Red-Green,0.7418,127.8,129.06,10:10:00,129.06258850000003,Long-Long-Green-Green,1,0.0,None,0.0,Long-Long-Green-Green,0,-1,0.7418,1
2023-06-28,CALL,10:00:00,127.478704,Upper-Long-Red-Green,-0.25226,126.6,130.13,15:55:00,127.15712745,Bottom-Upper-Red-Red,0,0.0,None,0.0,Bottom-Upper-Red-Red,0,-1,-0.25226,0
2023-06-29,C-CALL,10:05:00,128.09785885,Upper-Long-Red-Green,-0.22106,127.81,128.95,10:10:00,127.8146795,Long-Upper-Green-Red,0,128.09785885,10:15:00,127.74844433,Upper-Long-Red-Red,-0.27277,0,-0.49384,0
2023-07-05,C-PUT,10:55:00,128.0162648,Long-Long-Red-Green,-0.25495,127.69,129,11:10:00,127.6898886,Long-Long-Red-Red,0,127.6802893,15:55:00,127.190725,Upper-Long-Green-Red,0.64487,1,0.38992,1
2023-07-06,PUT,10:00:00,127.1235299,Bottom-Long-Red-Red,1.1553,127.61,125.65,11:10:00,125.65483699999996,Long-Long-Red-Red,1,0.0,None,0.0,Long-Long-Red-Red,0,-1,1.1553,1
2023-07-07,C-PUT,09:50:00,126.3363873,Long-Long-Green-Green,-0.75982,125.38,129.22,15:35:00,125.3764573,Long-Long-Red-Red,0,125.353322987,15:55:00,124.7909,Long-Long-Red-Red,1.2233,1,0.46349,1
2023-07-10,C-CALL,10:50:00,125.9908125,Long-Long-Green-Green,-0.28952,125.63,127.09,11:05:00,125.6260391,Long-Bottom-Red-Red,0,125.5876419,11:10:00,125.5684433,Bottom-Upper-Red-Red,-0.015287,0,-0.30481,0
2023-07-11,PUT,14:00:00,128.0354634,Long-Long-Red-Red,0.044984,128.35,127.09,15:55:00,127.9778676,Long-Long-Green-Red,1,0.0,None,0.0,Long-Long-Green-Red,0,-1,0.044984,1
2023-07-13,C-PUT,09:50:00,128.7170137,Upper-Long-Red-Green,-0.69356,127.82,131.4,10:55:00,127.8242788,Bottom-Long-Red-Red,0,127.52190085,12:45:00,128.1122578,Long-Long-Green-Green,-0.46295,0,-1.1565,0
2023-07-14,PUT,09:55:00,126.4515789,Long-Long-Red-Red,0.65277,127.21,124.18,15:55:00,125.626135093,Upper-Long-Green-Red,1,0.0,None,0.0,Upper-Long-Green-Red,0,-1,0.65277,1
2023-07-17,C-PUT,12:30:00,124.8676944,Long-Long-Red-Green,-0.076876,124.77,125.16,12:50:00,124.7717014,Long-Long-Red-Red,0,124.7045063,15:40:00,125.03568215,Long-Long-Green-Green,-0.26557,0,-0.34244,0
2023-07-18,PUT,12:05:00,125.6740356,Long-Long-Red-Red,0.10694,126.11,124.38,15:55:00,125.5396454,Long-Upper-Red-Red,1,0.0,None,0.0,Long-Upper-Red-Red,0,-1,0.10694,1
2023-07-19,CALL,09:55:00,126.43717995,Long-Long-Green-Green,0.81616,125.64,128.84,15:55:00,127.4691047,Upper-Bottom-Red-Green,1,0.0,None,0.0,Upper-Bottom-Red-Green,0,-1,0.81616,1
2023-07-20,CALL,09:55:00,128.0162648,Long-Long-Green-Green,0.87118,127.17,130.55,15:55:00,129.131511474,Bottom-Upper-Red-Green,1,0.0,None,0.0,Bottom-Upper-Red-Green,0,-1,0.87118,1
2023-07-21,C-PUT,11:25:00,129.28817205,Long-Long-Green-Green,-0.27843,128.93,130.37,15:15:00,128.9281983,Long-Long-Red-Red,0,128.966691493,15:55:00,128.8610032,Upper-Long-Green-Green,0.3304,1,0.051973,1
2023-07-24,P-CALL,09:55:00,128.8514039,Bottom-Long-Green-Red,-0.54362,129.55,126.75,11:40:00,129.551864821,Upper-Long-Green-Green,0,129.55695245,12:15:00,129.351911402,Long-Long-Red-Red,-0.15826,0,-0.70188,0
2023-07-25,PUT,11:20:00,128.80820705,Long-Long-Red-Red,0.42106,129.73,126.03,15:55:00,128.2658466,Long-Upper-Green-Green,1,0.0,None,0.0,Long-Upper-Green-Green,0,-1,0.42106,1
2023-07-26,P-CALL,10:05:00,128.2850452,Long-Long-Green-Red,-0.48638,128.91,126.41,11:50:00,128.9089997,Long-Upper-Green-Green,0,129.014592,12:45:00,129.9937206,Bottom-Bottom-Green-Green,0.75893,1,0.27255,1
2023-07-27,C-PUT,10:40:00,130.7712639,Long-Long-Green-Green,-0.5432,130.06,132.9,14:30:00,130.0609157,Long-Long-Red-Red,0,130.06571535,15:55:00,129.2833724,Upper-Bottom-Red-Red,1.1378,1,0.59458,1
2023-07-28,C-CALL,09:50:00,130.8960548,Upper-Long-Green-Green,-0.41801,130.35,132.54,10:10:00,130.3488947,Long-Upper-Red-Red,0,130.423097289,10:15:00,130.2241038,Upper-Upper-Red-Red,-0.15258,0,-0.57059,0
2023-08-02,CALL,11:25:00,127.6322928,Long-Long-Red-Green,0.54152,127.4,128.32,11:50:00,128.32344240000003,Long-Bottom-Red-Green,1,0.0,None,0.0,Long-Bottom-Red-Green,0,-1,0.54152,1
2023-08-03,C-PUT,09:55:00,127.9394704,Upper-Long-Red-Green,-0.23634,127.64,128.85,14:10:00,127.63709245,Bottom-Long-Green-Red,0,127.565001707,15:55:00,127.6802893,Bottom-Long-Green-Green,0.20258,1,-0.033764,0
2023-08-04,P-CALL,10:10:00,128.0738606,Bottom-Long-Red-Red,-0.47219,128.68,126.26,10:25:00,128.6786165,Long-Long-Green-Green,0,128.7074144,12:20:00,127.92507145,Long-Long-Red-Green,-0.60785,0,-1.08,0
2023-08-07,C-PUT,10:10:00,127.7186865,Long-Long-Red-Green,-0.39083,127.22,129.22,11:15:00,127.2195229,Long-Long-Red-Red,0,127.2195229,15:25:00,126.1540006,Long-Long-Green-Red,0.83755,1,0.44672,1
2023-08-08,CALL,12:30:00,124.9444888,Long-Long-Green-Green,0.4725,124.64,125.85,15:55:00,125.53484575,Long-Bottom-Green-Green,1,0.0,None,0.0,Long-Bottom-Green-Green,0,-1,0.4725,1
2023-08-09,PUT,09:55:00,126.0004118,Bottom-Long-Red-Red,0.35807,126.78,123.65,15:55:00,125.5492447,Long-Long-Red-Green,1,0.0,None,0.0,Long-Long-Red-Green,0,-1,0.35807,1
2023-08-10,C-PUT,14:10:00,126.3843838,Long-Long-Green-Green,-0.34938,125.94,127.71,15:30:00,125.942816,Long-Long-Red-Red,0,125.812457506,15:55:00,125.5396454,Long-Bottom-Green-Red,0.66839,1,0.319,1
2023-08-11,P-CALL,09:50:00,125.7412307,Long-Long-Green-Red,-0.35117,126.18,124.42,14:40:00,126.1827985,Upper-Long-Red-Green,0,126.2403943,15:10:00,125.9236174,Long-Long-Red-Red,-0.25093,0,-0.6021,0
2023-08-16,PUT,10:05:00,127.589643312,Bottom-Long-Green-Red,2.2125,129.44,122.03,15:55:00,124.7667792,Long-Long-Green-Green,1,0.0,None,0.0,Long-Long-Green-Green,0,-1,2.2125,1
2023-08-17,PUT,10:35:00,127.2743136,Long-Long-Red-Red,0.93565,128.31,124.17,15:55:00,126.0834768,Long-Long-Green-Green,1,0.0,None,0.0,Long-Long-Green-Green,0,-1,0.93565,1
2023-08-18,PUT,14:05:00,127.119408,Bottom-Long-Green-Red,0.091394,127.53,125.9,15:55:00,127.0032288,Bottom-Long-Red-Red,1,0.0,None,0.0,Bottom-Long-Red-Red,0,-1,0.091394,1
2023-08-22,CALL,12:30:00,119.834004,Upper-Long-Green-Green,0.93314,119.46,120.95,15:55:00,120.95222879999999,Long-Long-Green-Green,1,0.0,None,0.0,Long-Long-Green-Green,0,-1,0.93314,1
2023-08-23,PUT,09:55:00,120.77796,Bottom-Long-Green-Red,1.5391,121.4,118.92,15:25:00,118.91909279999996,Long-Long-Red-Red,1,0.0,None,0.0,Long-Long-Red-Red,0,-1,1.5391,1
2023-08-24,CALL,09:55:00,118.9578192,Long-Long-Green-Green,1.0385,118.29,120.96,15:55:00,120.19319136,Upper-Long-Red-Green,1,0.0,None,0.0,Upper-Long-Red-Green,0,-1,1.0385,1
2023-08-25,C-PUT,11:10:00,117.9799776,Long-Long-Green-Green,-0.50878,117.38,119.78,12:00:00,117.3797184,Long-Long-Red-Red,0,117.4571712,12:30:00,117.8444352,Long-Long-Green-Green,-0.32971,0,-0.83849,0
2023-08-28,C-CALL,11:25:00,119.133927504,Upper-Long-Green-Green,-0.2616,118.82,120.07,12:15:00,118.8222768,Bottom-Upper-Red-Green,0,118.9771824,12:25:00,118.793232,Long-Long-Red-Green,-0.15461,0,-0.41621,0
2023-08-29,PUT,12:50:00,122.3947872,Bottom-Long-Red-Red,0.56953,122.63,121.7,15:20:00,121.69771199999997,Long-Long-Red-Green,1,0.0,None,0.0,Long-Long-Red-Green,0,-1,0.56953,1
2023-08-30,CALL,12:10:00,122.1624288,Upper-Long-Red-Green,0.67364,121.65,123.7,15:55:00,122.9853648,Bottom-Bottom-Green-Red,1,0.0,None,0.0,Bottom-Bottom-Green-Red,0,-1,0.67364,1
2023-09-01,PUT,10:25:00,122.994755952,Long-Long-Green-Red,1.1411,123.63,121.08,15:55:00,121.5912144,Long-Long-Red-Red,1,0.0,None,0.0,Long-Long-Red-Red,0,-1,1.1411,1
2023-09-05,C-PUT,11:10:00,122.71428,Upper-Long-Red-Green,-0.23669,122.42,123.59,11:30:00,122.423832,Long-Long-Red-Red,0,122.276768496,12:10:00,122.6465088,Upper-Long-Red-Green,-0.30238,0,-0.53907,0
2023-09-06,PUT,09:50:00,120.9038208,Long-Long-Green-Red,0.85682,121.48,119.19,15:55:00,119.8678896,Long-Long-Green-Red,1,0.0,None,0.0,Long-Long-Green-Red,0,-1,0.85682,1
2023-09-07,PUT,09:55:00,120.2648352,Bottom-Long-Red-Red,-0.19321,120.9,118.35,15:55:00,120.4971936,Upper-Long-Green-Red,0,0.0,None,0.0,Upper-Long-Green-Red,0,-1,-0.19321,0
2023-09-08,C-PUT,10:25:00,120.0324768,Long-Long-Red-Green,-0.13712,119.87,120.53,10:45:00,119.8678896,Long-Long-Green-Red,0,119.8388448,12:55:00,118.80775440000004,Bottom-Upper-Red-Green,0.8604,1,0.72328,1
2023-09-11,C-PUT,10:25:00,119.8388448,Long-Long-Green-Green,-0.36355,119.4,121.15,11:00:00,119.4031728,Bottom-Long-Green-Red,0,119.3547648,15:55:00,118.7254608,Long-Upper-Red-Red,0.92907,1,0.56552,1
2023-09-12,C-CALL,10:10:00,119.0546352,Upper-Long-Red-Green,-0.2033,118.81,119.78,10:40:00,118.8125952,Long-Bottom-Red-Red,0,118.7835504,10:45:00,118.8997296,Bottom-Long-Red-Green,0.097807,1,-0.10549,0
2023-09-13,C-CALL,10:00:00,119.3354016,Upper-Long-Green-Green,-0.30018,118.98,120.41,10:25:00,118.9771824,Long-Upper-Red-Red,0,119.0546352,10:30:00,118.9481376,Upper-Upper-Red-Red,-0.089453,0,-0.38963,0
2023-09-14,CALL,10:20:00,120.0712032,Long-Long-Red-Green,0.65312,119.61,121.47,15:55:00,120.8554128,Long-Bottom-Red-Green,1,0.0,None,0.0,Long-Bottom-Red-Green,0,-1,0.65312,1
2023-09-18,CALL,11:40:00,115.6370304,Long-Long-Green-Green,0.0083724,115.08,117.32,15:55:00,115.646712,Long-Bottom-Green-Red,1,0.0,None,0.0,Long-Bottom-Green-Red,0,-1,0.0083724,1
2023-09-19,P-PUT,11:20:00,115.5934632,Long-Long-Green-Red,-0.12982,115.74,115.14,11:30:00,115.743528,Bottom-Long-Green-Green,0,115.8355032,11:35:00,115.79193600000004,Long-Long-Green-Red,0.037611,1,-0.09221,0
2023-09-20,CALL,09:50:00,116.9924544,Long-Long-Red-Green,-0.34757,116.24,119.24,15:55:00,116.5858272,Long-Bottom-Green-Red,0,0.0,None,0.0,Long-Bottom-Green-Red,0,-1,-0.34757,0
2023-09-21,C-PUT,09:50:00,116.4163992,Long-Long-Green-Green,-0.70273,115.6,118.87,10:10:00,115.598304,Long-Long-Red-Red,0,115.598304,15:20:00,113.71039199999998,Upper-Long-Red-Red,1.6332,1,0.93043,1
2023-09-25,CALL,13:00:00,107.8627056,Upper-Long-Green-Green,0.83475,107.56,108.76,15:55:00,108.76309439999997,Long-Long-Green-Red,1,0.0,None,0.0,Long-Long-Green-Red,0,-1,0.83475,1
2023-09-26,PUT,09:55:00,108.3709896,Bottom-Long-Green-Red,1.2195,108.81,107.05,13:10:00,107.04945120000002,Bottom-Upper-Red-Red,1,0.0,None,0.0,Bottom-Upper-Red-Red,0,-1,1.2195,1
2023-09-27,C-PUT,11:30:00,106.767523008,Long-Long-Red-Green,-0.32536,106.42,107.81,11:55:00,106.4201472,Long-Long-Red-Red,0,106.3668984,13:30:00,105.08892719999999,Long-Upper-Red-Red,1.2015,1,0.87612,1
2023-09-28,C-PUT,09:55:00,106.6137792,Long-Long-Red-Green,-0.84444,105.71,109.31,10:20:00,105.713487216,Long-Long-Red-Red,0,105.4423056,11:40:00,106.1490624,Long-Bottom-Green-Red,-0.67028,0,-1.5147,0
2023-10-03,PUT,11:35:00,104.2417872,Long-Long-Red-Red,0.58512,104.99,102.01,15:55:00,103.6318464,Long-Bottom-Red-Green,1,0.0,None,0.0,Long-Bottom-Red-Green,0,-1,0.58512,1
2023-10-04,P-CALL,11:25:00,102.8379552,Long-Long-Green-Red,-0.2636,103.11,102.02,11:30:00,103.10904,Long-Long-Red-Green,0,103.1477664,14:25:00,102.721872816,Long-Long-Green-Red,-0.4129,0,-0.6765,0
2023-10-05,PUT,10:05:00,102.7798656,Bottom-Long-Green-Red,1.2852,103.22,101.46,10:40:00,101.45890809599999,Upper-Long-Red-Red,1,0.0,None,0.0,Upper-Long-Red-Red,0,-1,1.2852,1
2023-10-06,P-PUT,09:50:00,100.7757744,Bottom-Long-Red-Red,-0.69171,101.47,98.685,11:10:00,101.4728496,Long-Bottom-Green-Green,0,101.3953968,11:15:00,101.6180736,Bottom-Bottom-Green-Green,-0.21961,0,-0.91132,0
2023-10-09,P-CALL,12:30:00,101.4050784,Long-Long-Green-Red,-0.2912,101.7,100.52,13:45:00,101.7003672,Long-Long-Green-Green,0,101.995656,15:55:00,102.310308,Long-Long-Green-Green,0.89269,1,0.60149,1
2023-10-11,CALL,13:55:00,104.658096,Long-Long-Green-Green,0.54117,104.47,105.22,15:40:00,105.22446959999999,Long-Long-Green-Green,1,0.0,None,0.0,Long-Long-Green-Green,0,-1,0.54117,1
2023-10-12,C-CALL,12:40:00,107.247536736,Upper-Long-Green-Green,-0.50066,106.71,108.86,13:40:00,106.7105952,Bottom-Upper-Red-Red,0,106.719405456,14:10:00,106.6040976,Bottom-Long-Red-Red,-0.10805,0,-0.6087,0
2023-10-13,P-PUT,11:05:00,107.659392,Bottom-Long-Red-Red,-0.26079,107.94,106.82,11:15:00,107.9401584,Long-Bottom-Green-Red,0,107.8336608,11:20:00,108.0369744,Bottom-Long-Red-Green,-0.18854,0,-0.44934,0
2023-10-16,CALL,09:50:00,107.9304768,Long-Long-Green-Green,0.11509,106.29,112.84,15:55:00,108.054691728,Bottom-Upper-Red-Red,1,0.0,None,0.0,Bottom-Upper-Red-Red,0,-1,0.11509,1
2023-10-17,P-CALL,10:35:00,108.534802272,Long-Long-Red-Red,-0.60283,109.19,106.57,10:50:00,109.1890848,Long-Long-Green-Green,0,109.1939256,11:15:00,108.6469152,Long-Upper-Red-Red,-0.50095,0,-1.1038,0
2023-10-18,C-PUT,10:05:00,108.2306064,Upper-Long-Green-Green,-0.65301,107.52,110.35,10:15:00,107.5238496,Long-Long-Red-Red,0,107.3737848,10:25:00,108.2015616,Long-Bottom-Green-Green,-0.77093,0,-1.4239,0
2023-10-19,PUT,13:40:00,106.7686848,Bottom-Long-Red-Red,1.3602,107.25,105.32,15:30:00,105.31644480000003,Long-Long-Red-Red,1,0.0,None,0.0,Long-Long-Red-Red,0,-1,1.3602,1
2023-10-23,CALL,09:50:00,104.0239512,Long-Long-Red-Green,-0.11634,103.34,106.07,15:55:00,103.9029312,Bottom-Long-Green-Red,0,0.0,None,0.0,Bottom-Long-Green-Red,0,-1,-0.11634,0
2023-10-24,CALL,10:10:00,104.875932,Long-Long-Red-Green,0.32772,104,107.51,15:55:00,105.2196288,Upper-Bottom-Red-Green,1,0.0,None,0.0,Upper-Bottom-Red-Green,0,-1,0.32772,1
2023-10-25,CALL,09:55:00,105.1131312,Upper-Long-Red-Green,1.4921,104.59,106.68,10:50:00,106.68155039999998,Long-Long-Green-Green,1,0.0,None,0.0,Long-Long-Green-Green,0,-1,1.4921,1
2023-10-26,PUT,11:25:00,107.562576,Bottom-Long-Red-Red,0.27003,108,106.26,15:55:00,107.272128,Long-Bottom-Green-Red,1,0.0,None,0.0,Long-Bottom-Green-Red,0,-1,0.27003,1
2023-10-27,PUT,09:50:00,106.8074112,Bottom-Long-Green-Red,2.1211,107.56,104.54,13:10:00,104.5419168,Bottom-Long-Green-Red,1,0.0,None,0.0,Bottom-Long-Green-Red,0,-1,2.1211,1
2023-11-01,P-PUT,10:05:00,105.76760736,Bottom-Bottom-Green-Red,-0.26454,106.05,104.93,10:10:00,106.0474056,Bottom-Long-Red-Green,0,106.061928,10:15:00,106.104139776,Long-Long-Green-Green,-0.039799,0,-0.30434,0
2023-11-02,CALL,09:55:00,106.429731984,Upper-Long-Red-Green,1.0462,105.45,109.38,15:55:00,107.5432128,Long-Upper-Green-Red,1,0.0,None,0.0,Long-Upper-Green-Red,0,-1,1.0462,1
2023-11-03,P-PUT,12:05:00,110.0120208,Long-Long-Green-Red,-0.16281,110.19,109.47,12:40:00,110.1911304,Upper-Bottom-Green-Green,0,110.1378816,13:00:00,109.87647840000001,Long-Bottom-Red-Red,0.23734,1,0.074533,1
2023-11-06,C-PUT,10:00:00,109.162363584,Upper-Long-Green-Green,-0.57861,108.53,111.06,11:05:00,108.530736,Bottom-Long-Green-Red,0,108.579144,13:20:00,107.94015840000002,Bottom-Long-Red-Red,0.5885,1,0.0098846,1
2023-11-07,CALL,10:05:00,107.9111136,Upper-Long-Red-Green,-0.053831,107.45,109.31,15:55:00,107.853024,Long-Bottom-Red-Red,0,0.0,None,0.0,Long-Bottom-Red-Red,0,-1,-0.053831,0
2023-11-08,P-PUT,10:05:00,107.6884368,Long-Long-Red-Red,-0.48099,108.21,106.13,10:45:00,108.2064024,Upper-Bottom-Red-Green,0,108.046656,11:15:00,107.40767040000001,Long-Bottom-Red-Red,0.5914,1,0.11041,1
2023-11-13,P-CALL,10:45:00,104.6000064,Bottom-Long-Green-Red,-0.22214,104.83,103.9,11:55:00,104.8323648,Long-Long-Green-Green,0,104.8662504,12:50:00,104.4354192,Long-Upper-Red-Red,-0.41084,0,-0.63298,0
2023-11-14,PUT,12:20:00,108.501944,Bottom-Long-Green-Red,0.21637,108.78,107.68,15:55:00,108.267176,Bottom-Long-Red-Red,1,0.0,None,0.0,Bottom-Long-Red-Red,0,-1,0.21637,1
2023-11-15,P-CALL,11:55:00,126.59825272,Long-Long-Green-Red,-0.4871,127.21,124.75,13:25:00,127.21491,Long-Long-Green-Green,0,127.33239182,15:55:00,127.552389,Long-Long-Red-Red,0.75367,1,0.26657,1
2023-11-16,CALL,09:55:00,126.344312,Upper-Long-Red-Green,0.56519,125.41,129.16,15:55:00,127.058398,Long-Long-Green-Green,1,0.0,None,0.0,Long-Long-Green-Green,0,-1,0.56519,1
2023-11-17,P-CALL,09:55:00,127.175782,Long-Long-Green-Red,-0.5538,127.88,125.06,10:05:00,127.880086,Long-Upper-Green-Green,0,128.036598,11:10:00,127.126872,Long-Upper-Red-Red,-0.71052,0,-1.2643,0
2023-11-20,P-CALL,11:00:00,126.168236,Bottom-Long-Green-Red,-0.27136,126.51,125.14,13:40:00,126.510606,Long-Long-Green-Green,0,126.510606,15:55:00,127.121981,Long-Upper-Red-Red,0.75593,1,0.48457,1
2023-11-22,P-CALL,09:50:00,127.479024,Long-Long-Green-Red,-0.38367,127.97,126.01,10:00:00,127.968124,Long-Long-Green-Green,0,128.300712,15:55:00,127.591517,Bottom-Upper-Red-Green,0.088244,1,-0.29543,0
2023-11-27,CALL,10:05:00,128.941433,Long-Long-Red-Green,-0.46656,127.98,131.83,15:55:00,128.33984,Long-Long-Red-Green,0,0.0,None,0.0,Long-Long-Red-Green,0,-1,-0.46656,0
2023-11-28,CALL,10:05:00,128.0894208,Long-Long-Green-Green,0.50861,127.38,130.21,15:55:00,128.740902,Bottom-Upper-Red-Red,1,0.0,None,0.0,Bottom-Upper-Red-Red,0,-1,0.50861,1
2023-11-29,C-CALL,09:50:00,129.298476,Long-Long-Red-Green,-0.59389,128.53,131.6,14:40:00,128.530589,Long-Upper-Red-Red,0,128.7037304,15:30:00,128.525698,Bottom-Upper-Red-Green,-0.13833,0,-0.73221,0
2023-12-01,P-CALL,11:00:00,130.374496,Bottom-Long-Red-Red,-0.42017,130.92,128.73,11:35:00,130.922288,Long-Upper-Green-Green,0,131.000544,15:55:00,131.827123,Upper-Bottom-Red-Green,1.1142,1,0.69403,1
2023-12-04,C-PUT,10:05:00,132.418934,Long-Long-Red-Green,-0.50802,131.75,134.44,13:10:00,131.74622586,Long-Long-Red-Red,0,131.76354,14:20:00,130.86848700000002,Bottom-Long-Red-Red,0.67929,1,0.17127,1
2023-12-05,C-PUT,10:00:00,130.49188,Upper-Long-Red-Green,-0.37909,130,131.98,11:10:00,129.99720426,Long-Long-Red-Red,0,130.00268218,15:55:00,130.061472,Upper-Long-Red-Red,0.32984,1,-0.04925,0
2023-12-06,P-CALL,10:20:00,130.178856,Bottom-Long-Green-Red,-0.42831,130.74,128.51,13:35:00,130.73643,Long-Long-Green-Green,0,130.78534,14:35:00,130.447861,Upper-Upper-Red-Red,-0.25804,0,-0.68635,0
2023-12-07,P-CALL,10:00:00,131.9503762,Long-Long-Green-Red,-0.51286,132.63,129.92,12:00:00,132.62709496,Upper-Long-Green-Green,0,132.687939,12:15:00,132.482517,Long-Long-Red-Red,-0.15482,0,-0.66767,0
2023-12-11,CALL,11:30:00,133.455826,Long-Long-Red-Green,0.16858,133.19,134.26,15:55:00,133.680812,Bottom-Bottom-Green-Red,1,0.0,None,0.0,Bottom-Bottom-Green-Red,0,-1,0.16858,1
2023-12-12,C-CALL,10:10:00,133.436262,Upper-Long-Green-Green,-0.4985,132.77,135.43,13:05:00,132.771086,Long-Upper-Red-Green,0,132.873797,13:10:00,132.731958,Upper-Long-Green-Red,-0.10675,0,-0.60524,0
2023-12-13,CALL,10:10:00,132.262422,Upper-Long-Green-Green,0.9097,131.86,133.47,14:15:00,133.46560799999997,Long-Bottom-Green-Green,1,0.0,None,0.0,Long-Bottom-Green-Green,0,-1,0.9097,1
2023-12-14,P-CALL,09:50:00,136.70345,Long-Long-Green-Red,-0.85152,137.87,133.21,10:05:00,137.867508,Upper-Long-Green-Red,0,137.49207484,10:15:00,137.19255,Bottom-Long-Green-Red,-0.21785,0,-1.0694,0
2023-12-15,PUT,10:40:00,137.63274,Long-Long-Green-Red,1.4286,138.29,135.67,13:45:00,135.666558,Long-Long-Green-Red,1,0.0,None,0.0,Long-Long-Green-Red,0,-1,1.4286,1
2023-12-18,C-PUT,11:30:00,135.23615,Long-Long-Green-Green,-0.24593,134.9,136.23,11:40:00,134.903562,Long-Long-Red-Red,0,134.776396,15:55:00,134.619884,Upper-Long-Red-Green,0.4557,1,0.20976,1
2023-12-19,C-CALL,09:50:00,135.588302,Long-Long-Red-Green,-0.46173,134.96,137.47,10:40:00,134.962254,Bottom-Upper-Green-Red,0,135.206804,11:15:00,135.96980000000002,Long-Long-Green-Green,0.56432,1,0.10259,1
2023-12-20,P-PUT,09:50:00,135.177458,Long-Long-Red-Red,-0.28946,135.57,134,10:35:00,135.568738,Long-Bottom-Green-Red,0,135.441572,13:05:00,135.695904,Bottom-Long-Green-Green,-0.18778,0,-0.47724,0
2023-12-21,CALL,10:10:00,135.045401,Long-Long-Green-Green,0.83662,134.67,136.18,10:25:00,136.17522200000002,Long-Long-Green-Green,1,0.0,None,0.0,Long-Long-Green-Green,0,-1,0.83662,1
2023-12-22,PUT,10:10:00,136.889308,Long-Bottom-Red-Red,-0.12148,137.24,135.83,15:55:00,137.055602,Long-Bottom-Red-Green,0,0.0,None,0.0,Long-Bottom-Red-Green,0,-1,-0.12148,0
2023-12-27,P-CALL,09:50:00,137.945764,Bottom-Long-Red-Red,-0.29783,138.36,136.71,09:55:00,138.356608,Long-Long-Red-Green,0,138.425082,15:55:00,139.236988,Upper-Upper-Red-Green,0.93604,1,0.63821,1
2023-12-28,C-PUT,10:00:00,139.61809472,Upper-Long-Green-Green,-0.39908,139.06,141.29,10:15:00,139.060912,Long-Long-Red-Red,0,139.05113,12:50:00,139.49132,Long-Long-Green-Red,-0.31657,0,-0.71564,0
2024-01-02,P-CALL,11:00:00,140.02933,Bottom-Long-Red-Red,-0.50995,140.74,137.89,12:00:00,140.743416,Upper-Long-Green-Green,0,140.792326,13:20:00,140.459738,Bottom-Upper-Red-Green,-0.23623,0,-0.74618,0
2024-01-04,P-PUT,10:00:00,135.862198,Bottom-Bottom-Red-Red,-0.3276,136.31,134.53,10:05:00,136.307279,Bottom-Long-Red-Green,0,136.429554,10:10:00,136.19478599999997,Long-Upper-Green-Red,0.17208,1,-0.15552,0
2024-01-05,PUT,11:40:00,137.945764,Bottom-Long-Green-Red,0.30492,138.36,136.71,15:55:00,137.525138,Upper-Upper-Red-Green,1,0.0,None,0.0,Upper-Upper-Red-Green,0,-1,0.30492,1
2024-01-08,P-PUT,09:50:00,136.99691,Long-Long-Red-Red,-0.49268,137.67,134.97,10:20:00,137.671868,Long-Bottom-Green-Green,0,137.662086,10:35:00,137.77947,Upper-Bottom-Green-Red,-0.08527,0,-0.57795,0
2024-01-10,C-PUT,10:00:00,140.635814,Upper-Long-Red-Green,-0.4382,140.02,142.48,10:10:00,140.019548,Bottom-Long-Red-Red,0,139.911946,14:20:00,140.704288,Long-Long-Green-Green,-0.56631,0,-1.0045,0
2024-01-12,PUT,09:55:00,139.11549556,Bottom-Long-Green-Red,0.90412,139.78,137.11,15:55:00,137.857726,Long-Long-Green-Green,1,0.0,None,0.0,Long-Long-Green-Green,0,-1,0.90412,1
2024-01-16,PUT,11:05:00,137.862617,Long-Long-Red-Red,0.060311,138.32,136.5,15:55:00,137.77947,Long-Long-Green-Green,1,0.0,None,0.0,Long-Long-Green-Green,0,-1,0.060311,1
2024-01-17,C-PUT,10:00:00,137.070275,Upper-Long-Red-Green,-0.44603,136.46,138.9,12:35:00,136.4589,Bottom-Long-Red-Red,0,136.380644,15:55:00,135.38287999999994,Long-Bottom-Red-Red,0.7316,1,0.28557,1
2024-01-18,C-PUT,10:10:00,135.04051,Long-Long-Red-Green,-0.38392,134.52,136.6,11:00:00,134.522064,Long-Long-Red-Red,0,134.399789,15:55:00,134.169912,Upper-Long-Red-Green,0.64469,1,0.26078,1
2024-01-22,P-PUT,11:25:00,136.723014,Bottom-Long-Red-Red,-0.35058,137.2,135.29,12:50:00,137.202332,Long-Bottom-Green-Red,0,136.89909,15:25:00,137.212114,Long-Long-Green-Green,-0.22865,0,-0.57923,0
2024-01-24,C-CALL,11:00:00,138.092494,Upper-Long-Red-Green,-0.16292,137.87,138.77,11:20:00,137.867508,Upper-Upper-Red-Green,0,137.965328,11:35:00,138.49355599999998,Long-Bottom-Green-Green,0.38287,1,0.21995,1
2024-01-25,C-PUT,10:00:00,137.089839,Long-Long-Green-Green,-0.56013,136.32,139.39,10:35:00,136.321952,Long-Long-Red-Red,0,136.36108,11:15:00,136.664322,Long-Long-Green-Green,-0.22238,0,-0.78252,0
2024-01-26,C-PUT,10:05:00,139.618486,Upper-Long-Red-Green,-0.3328,139.15,141.01,10:55:00,139.153841,Bottom-Long-Green-Red,0,139.070694,15:55:00,139.173405,Long-Long-Green-Red,0.31878,1,-0.014012,0
2024-01-29,CALL,11:50:00,136.096966,Long-Long-Green-Green,1.6927,135.33,138.4,15:45:00,138.40062700000001,Long-Upper-Green-Red,1,0.0,None,0.0,Long-Upper-Green-Red,0,-1,1.6927,1
2024-02-01,CALL,09:55:00,137.18071378,Long-Long-Red-Green,1.878,136.32,139.76,12:35:00,139.75699911999993,Long-Long-Red-Green,1,0.0,None,0.0,Long-Long-Red-Green,0,-1,1.878,1
2024-02-02,CALL,09:55:00,140.156496,Upper-Long-Red-Green,1.4864,139.46,142.24,12:30:00,142.23976854,Upper-Long-Green-Green,1,0.0,None,0.0,Upper-Long-Green-Green,0,-1,1.4864,1
2024-02-05,C-CALL,09:50:00,140.303226,Upper-Long-Green-Green,-1.2201,138.59,145.44,10:30:00,138.591376,Long-Upper-Red-Green,0,138.796798,15:55:00,139.501102,Long-Long-Red-Green,-0.57171,0,-1.7918,0
2024-02-06,P-PUT,11:10:00,139.178296,Long-Bottom-Green-Red,-0.063185,139.27,138.91,11:15:00,139.26623618,Bottom-Long-Red-Green,0,139.461974,11:20:00,139.510884,Long-Long-Green-Green,-0.03507,0,-0.098256,0
2024-02-07,CALL,12:30:00,143.74649,Upper-Long-Green-Green,-0.17353,143.44,144.66,15:55:00,143.497049,Upper-Long-Red-Red,0,0.0,None,0.0,Upper-Long-Red-Red,0,-1,-0.17353,0
2024-02-08,C-PUT,10:05:00,145.21379,Long-Long-Red-Green,-0.54564,144.42,147.59,13:40:00,144.421448,Bottom-Long-Red-Red,0,144.401884,15:55:00,143.854092,Bottom-Long-Green-Red,0.93634,1,0.3907,1
2024-02-12,P-CALL,10:35:00,145.585506,Long-Long-Red-Red,-0.36955,146.12,143.97,11:20:00,146.123516,Upper-Long-Green-Green,0,146.33872,15:55:00,146.211554,Long-Long-Red-Red,0.43002,1,0.060472,1
2024-02-13,C-CALL,11:25:00,142.74403064,Long-Long-Red-Green,-0.33935,142.26,144.2,14:15:00,142.259626,Upper-Long-Red-Red,0,142.073768,14:20:00,142.044422,Long-Long-Red-Red,-0.020655,0,-0.36001,0
2024-02-15,P-CALL,09:50:00,143.790509,Bottom-Long-Green-Red,-0.46593,144.46,141.78,10:10:00,144.46047818,Long-Long-Green-Green,0,144.489922,11:10:00,143.74649,Bottom-Long-Red-Red,-0.51452,0,-0.98046,0
2024-02-20,C-CALL,10:00:00,149.01482175,Upper-Long-Green-Green,-0.8068,147.81,152.62,10:40:00,147.81257275,Long-Upper-Red-Red,0,147.65490075,11:40:00,147.285357,Bottom-Long-Red-Red,-0.25028,0,-1.0571,0
2024-02-21,P-CALL,10:00:00,146.9010315,Bottom-Long-Red-Red,-0.4025,147.49,145.13,10:10:00,147.4923015,Long-Upper-Green-Green,0,147.3543385,10:50:00,146.713796,Bottom-Upper-Green-Green,-0.4347,0,-0.83719,0
2024-02-22,P-CALL,10:10:00,146.5265605,Long-Long-Red-Red,-0.59856,147.4,143.9,12:35:00,147.403611,Long-Long-Green-Green,0,147.39355941,15:55:00,148.4974605,Long-Long-Green-Green,1.3451,1,0.74652,1
2024-02-23,CALL,10:00:00,148.704405,Upper-Long-Red-Green,0.97416,148.22,150.15,11:00:00,150.15301650000006,Long-Long-Green-Green,1,0.0,None,0.0,Long-Long-Green-Green,0,-1,0.97416,1
2024-02-26,C-CALL,10:25:00,147.7288095,Long-Long-Red-Green,-0.26683,147.33,148.91,10:50:00,147.3346295,Long-Bottom-Red-Green,0,147.443029,11:15:00,147.79779100000002,Long-Long-Red-Green,0.24061,1,-0.026217,0
2024-02-27,P-CALL,10:45:00,149.1084395,Long-Long-Red-Red,-0.42297,149.74,147.22,15:10:00,149.7391275,Long-Long-Green-Green,0,149.768691,15:25:00,149.650437,Bottom-Upper-Green-Green,-0.078958,0,-0.50193,0
2024-03-01,CALL,10:00:00,150.3698155,Long-Long-Red-Green,0.71761,150.01,151.45,10:15:00,151.4488832499999,Long-Long-Green-Green,1,0.0,None,0.0,Long-Long-Green-Green,0,-1,0.71761,1
2024-03-04,PUT,10:45:00,149.61594625,Long-Long-Green-Red,0.88589,150.19,147.89,15:55:00,148.290516,Long-Upper-Red-Red,1,0.0,None,0.0,Long-Upper-Red-Red,0,-1,0.88589,1
2024-03-05,CALL,10:05:00,166.797267,Upper-Long-Green-Green,-1.0339,164.12,174.84,15:55:00,165.0727295,Long-Bottom-Green-Red,0,0.0,None,0.0,Long-Bottom-Green-Red,0,-1,-1.0339,0
2024-03-06,PUT,10:50:00,170.9460115,Long-Long-Red-Red,0.16718,172.47,166.36,15:55:00,170.660231,Bottom-Upper-Green-Green,1,0.0,None,0.0,Bottom-Upper-Green-Green,0,-1,0.16718,1
2024-03-07,C-PUT,10:00:00,170.364596,Long-Long-Green-Green,-0.72015,169.14,174.05,10:40:00,169.13771075,Long-Long-Red-Red,0,169.182056,10:55:00,169.9605615,Long-Bottom-Green-Green,-0.46016,0,-1.1803,0
2024-03-08,C-CALL,11:30:00,168.5809315,Long-Long-Green-Green,-0.27474,168.12,169.97,11:40:00,168.11777,Long-Upper-Red-Red,0,168.29022375,12:25:00,168.078352,Long-Long-Red-Red,-0.1259,0,-0.40064,0
2024-03-11,C-PUT,13:25:00,165.792108,Long-Long-Green-Green,-0.20804,165.45,166.83,13:40:00,165.4472005,Bottom-Long-Red-Red,0,165.279674,15:55:00,165.15649275,Bottom-Bottom-Red-Green,0.38338,1,0.17534,1
2024-03-12,P-CALL,10:25:00,165.8019625,Long-Long-Green-Red,-0.19019,166.12,164.86,10:35:00,166.1173065,Upper-Long-Green-Green,0,166.2158515,11:05:00,165.713272,Upper-Long-Red-Red,-0.30237,0,-0.49256,0
2024-03-13,P-CALL,14:55:00,162.875176,Long-Long-Red-Red,-0.14521,163.11,162.17,15:15:00,163.111684,Long-Long-Green-Green,0,163.545282,15:30:00,162.83083075,Bottom-Long-Red-Red,-0.43685,0,-0.58206,0
2024-03-14,PUT,09:55:00,162.8259035,Bottom-Long-Green-Red,0.64153,163.88,159.66,15:55:00,161.7813265,Long-Long-Green-Green,1,0.0,None,0.0,Long-Long-Green-Green,0,-1,0.64153,1
2024-03-18,CALL,09:55:00,162.59925,Long-Long-Red-Green,1.1636,161.97,164.49,11:20:00,164.49131400000007,Long-Upper-Green-Green,1,0.0,None,0.0,Long-Upper-Green-Green,0,-1,1.1636,1
2024-03-20,C-CALL,09:55:00,165.654145,Upper-Long-Red-Green,-0.33314,165.1,167.31,10:15:00,165.102293,Long-Upper-Red-Red,0,165.05794775,10:50:00,165.397928,Long-Upper-Green-Red,0.20598,1,-0.12716,0
2024-03-21,CALL,10:00:00,167.19637425,Upper-Long-Red-Green,0.35659,166.51,169.25,15:55:00,167.7925715,Upper-Upper-Red-Red,1,0.0,None,0.0,Upper-Upper-Red-Red,0,-1,0.35659,1
2024-03-22,PUT,09:55:00,167.033775,Bottom-Long-Red-Red,0.44808,167.62,165.29,15:55:00,166.285325725,Upper-Bottom-Green-Red,1,0.0,None,0.0,Upper-Bottom-Green-Red,0,-1,0.44808,1
2024-03-25,P-PUT,10:30:00,169.4974,Bottom-Long-Green-Red,-0.40988,170.19,167.41,10:45:00,170.19214225,Long-Bottom-Green-Red,0,169.812744,10:55:00,170.4532865,Bottom-Long-Green-Green,-0.37721,0,-0.78709,0
2024-03-26,C-CALL,14:20:00,170.404014,Long-Long-Green-Green,-0.21397,170.04,171.5,15:55:00,170.0393975,Long-Upper-Green-Green,0,170.325178,None,0.0,Long-Upper-Green-Green,0,-1,-0.21397,0
2024-03-27,P-CALL,10:05:00,171.133247,Bottom-Long-Red-Red,-0.5125,172.01,168.5,10:15:00,172.0102975,Long-Long-Green-Green,0,172.2270965,15:55:00,172.45375,Upper-Long-Red-Green,0.77162,1,0.25913,1
2024-04-02,PUT,13:30:00,173.46383625,Bottom-Long-Green-Red,0.19599,173.58,173.12,13:40:00,173.12385600000002,Long-Long-Red-Red,1,0.0,None,0.0,Long-Long-Red-Red,0,-1,0.19599,1
2024-04-03,PUT,10:00:00,173.675708,Long-Long-Red-Red,0.2071,174.37,171.61,15:55:00,173.31601875,Long-Bottom-Green-Red,1,0.0,None,0.0,Long-Bottom-Green-Red,0,-1,0.2071,1
2024-04-04,PUT,10:05:00,173.5278905,Bottom-Long-Red-Red,0.71554,173.94,172.29,10:30:00,172.28622350000006,Long-Long-Red-Red,1,0.0,None,0.0,Long-Long-Red-Red,0,-1,0.71554,1
2024-04-05,CALL,10:35:00,168.669622,Upper-Long-Red-Green,0.53751,167.74,171.45,15:55:00,169.576236,Long-Upper-Green-Green,1,0.0,None,0.0,Long-Upper-Green-Green,0,-1,0.53751,1
2024-04-08,PUT,09:55:00,169.0539475,Bottom-Long-Red-Red,1.0143,169.63,167.34,15:35:00,167.33926449999998,Long-Long-Red-Red,1,0.0,None,0.0,Long-Long-Red-Red,0,-1,1.0143,1
2024-04-09,P-CALL,10:35:00,167.8516985,Bottom-Long-Green-Red,-0.25245,168.28,166.58,13:20:00,168.275442,Long-Long-Green-Green,0,168.196606,15:55:00,169.0933655,Long-Long-Red-Green,0.73974,1,0.48729,1
2024-04-11,PUT,10:00:00,169.536818,Long-Bottom-Green-Red,0.48826,169.81,168.71,10:10:00,168.70904000000002,Long-Long-Red-Red,1,0.0,None,0.0,Long-Long-Red-Red,0,-1,0.48826,1
2024-04-12,PUT,09:50:00,167.703881,Bottom-Bottom-Red-Red,0.78446,168.14,166.39,10:10:00,166.38830525,Long-Long-Red-Red,1,0.0,None,0.0,Long-Long-Red-Red,0,-1,0.78446,1
2024-04-16,C-CALL,11:45:00,161.15418612,Long-Long-Green-Green,-0.44859,160.43,163.32,13:35:00,160.43126,Long-Upper-Red-Red,0,160.441015955,14:25:00,160.135625,Long-Long-Red-Red,-0.19034,0,-0.63894,0
2024-04-17,C-PUT,09:55:00,165.0530205,Upper-Long-Red-Green,-0.6687,163.95,168.36,10:05:00,163.9493165,Long-Long-Red-Red,0,163.8507715,15:55:00,162.1163795,Long-Long-Green-Green,1.7792,1,1.1105,1
2024-04-18,P-PUT,13:20:00,164.136552,Long-Long-Red-Red,-0.23415,164.52,162.98,15:55:00,164.5208775,Long-Bottom-Red-Green,0,164.32871475,None,0.0,Long-Bottom-Red-Green,0,-1,-0.23415,0
2024-04-22,CALL,12:10:00,164.55536825,Upper-Long-Green-Green,0.81726,164.11,165.9,13:55:00,165.900211865,Long-Long-Green-Green,1,0.0,None,0.0,Long-Long-Green-Green,0,-1,0.81726,1
2024-04-24,CALL,09:55:00,163.4368825,Upper-Long-Red-Green,-0.060295,162.44,166.42,15:55:00,163.3383375,Long-Bottom-Red-Red,0,0.0,None,0.0,Long-Bottom-Red-Red,0,-1,-0.060295,0
2024-04-25,P-CALL,09:50:00,161.35265575,Bottom-Long-Green-Red,-0.4489,162.08,159.18,11:15:00,162.0769615,Long-Long-Green-Green,0,162.165652,15:55:00,161.8010355,Long-Bottom-Green-Red,0.27789,1,-0.17101,0
2024-04-26,C-CALL,11:05:00,163.072266,Long-Long-Red-Green,-0.23266,162.69,164.21,11:25:00,162.69286775,Upper-Upper-Red-Red,0,162.776631,12:30:00,163.10182950000006,Bottom-Long-Red-Green,0.19978,1,-0.032874,0
2024-05-01,P-CALL,12:40:00,155.862812345,Long-Long-Red-Red,-0.33883,156.39,154.28,14:45:00,156.390915,Upper-Long-Green-Green,0,156.666841,15:35:00,155.267502,Long-Long-Red-Red,-0.89319,0,-1.232,0
2024-05-02,P-PUT,12:00:00,154.8437585,Bottom-Long-Red-Red,-0.19092,155.14,153.96,13:15:00,155.1393935,Bottom-Long-Green-Green,0,155.188666,13:35:00,155.30692,Upper-Long-Red-Green,-0.0762,0,-0.26712,0
2024-05-03,PUT,09:55:00,157.356656,Bottom-Long-Green-Red,0.73272,157.98,155.49,15:55:00,156.2036795,Upper-Bottom-Red-Green,1,0.0,None,0.0,Upper-Bottom-Red-Green,0,-1,0.73272,1
2024-05-06,P-CALL,09:50:00,155.030994,Bottom-Long-Green-Red,-0.50852,155.82,152.67,15:55:00,155.819354,Long-Long-Green-Green,0,155.7700815,None,0.0,Long-Long-Green-Green,0,-1,-0.50852,0
2024-05-07,PUT,10:00:00,158.9432305,Bottom-Long-Green-Red,0.5332,159.88,156.13,15:55:00,158.0957435,Bottom-Long-Red-Green,1,0.0,None,0.0,Bottom-Long-Red-Green,0,-1,0.5332,1
2024-05-08,P-PUT,10:10:00,157.6227275,Long-Long-Red-Red,-0.6252,158.61,154.67,11:40:00,158.6081775,Long-Bottom-Red-Green,0,158.5293415,11:50:00,158.26326999999995,Long-Long-Red-Red,0.16784,1,-0.45736,0
2024-05-13,C-PUT,09:55:00,160.76138575,Upper-Long-Red-Green,-0.2973,160.28,162.2,10:35:00,160.2834425,Long-Long-Red-Red,0,160.09127975,12:50:00,158.62788650000002,Bottom-Upper-Green-Red,0.9141,1,0.6168,1
2024-05-14,PUT,09:50:00,159.6712608,Bottom-Long-Green-Red,1.2677,160.35,157.65,12:15:00,157.64709120000003,Bottom-Long-Red-Red,1,0.0,None,0.0,Bottom-Long-Red-Red,0,-1,1.2677,1
2024-05-16,C-CALL,10:20:00,161.090164,Long-Long-Green-Green,-0.36341,160.5,162.85,11:15:00,160.5047424,Long-Upper-Red-Green,0,160.6138888,11:30:00,161.17946560000007,Long-Bottom-Green-Red,0.35213,1,-0.011278,0
2024-05-17,CALL,09:50:00,159.056072,Long-Long-Green-Green,-0.14348,157.87,162.63,15:55:00,158.8278568,Bottom-Long-Green-Red,0,0.0,None,0.0,Bottom-Long-Green-Red,0,-1,-0.14348,0
2024-05-20,C-CALL,10:50:00,157.5478672,Long-Long-Green-Green,-0.61406,156.58,160.45,11:25:00,156.5804332,Long-Upper-Red-Red,0,156.6598124,11:45:00,156.4564032,Long-Long-Red-Red,-0.12984,0,-0.7439,0
2024-05-21,C-PUT,09:55:00,154.9730044,Long-Long-Green-Green,-0.84835,153.66,158.92,15:55:00,153.6582864,Long-Long-Red-Green,0,154.0055704,None,0.0,Long-Long-Red-Green,0,-1,-0.84835,0
2024-05-23,P-PUT,10:00:00,141.5976092,Long-Long-Red-Red,-0.74629,142.65,138.43,10:40:00,142.6543448,Bottom-Bottom-Green-Green,0,142.4211684,10:45:00,142.7138792,Bottom-Long-Green-Green,-0.20552,0,-0.95182,0
2024-05-24,P-CALL,11:00:00,143.5820892,Long-Long-Red-Red,-0.20386,143.87,142.7,11:10:00,143.8748,Long-Long-Green-Green,0,144.3113856,14:35:00,143.5076712,Long-Long-Red-Red,-0.55693,0,-0.76079,0
2024-05-28,P-CALL,12:20:00,145.1448672,Long-Long-Green-Red,-0.25294,145.51,144.04,15:00:00,145.511996,Long-Long-Green-Green,0,145.5814528,15:55:00,145.6806768,Long-Long-Green-Red,0.36916,1,0.11622,1
2024-05-29,CALL,10:05:00,145.11212328,Upper-Long-Red-Green,1.1016,144.58,146.71,15:40:00,146.71062192,Long-Long-Green-Green,1,0.0,None,0.0,Long-Long-Green-Green,0,-1,1.1016,1
2024-05-30,C-CALL,09:55:00,147.3873296,Long-Long-Red-Green,-0.24909,147.02,148.49,10:35:00,147.0202008,Upper-Long-Red-Red,0,147.0102784,10:40:00,147.30795039999998,Long-Long-Red-Green,0.20248,1,-0.046607,0
2024-06-03,P-CALL,11:00:00,151.3810956,Bottom-Long-Red-Red,-0.44899,152.06,149.34,14:25:00,152.06078,Long-Long-Green-Green,0,152.1153532,15:00:00,152.97860199999994,Long-Bottom-Green-Green,0.5675,1,0.11851,1
2024-06-04,PUT,10:10:00,151.5944272,Long-Long-Red-Red,1.2763,152.99,147.4,15:55:00,149.6595592,Upper-Long-Green-Green,1,0.0,None,0.0,Upper-Long-Green-Green,0,-1,1.2763,1
2024-06-05,PUT,09:50:00,148.33988,Long-Long-Green-Red,1.7258,149.19,145.78,15:00:00,145.77990079999995,Bottom-Long-Red-Red,1,0.0,None,0.0,Bottom-Long-Red-Red,0,-1,1.7258,1
2024-06-06,CALL,09:50:00,144.9563416,Upper-Long-Red-Green,-0.41755,144.08,147.58,15:55:00,144.3510752,Upper-Upper-Green-Red,0,0.0,None,0.0,Upper-Upper-Green-Red,0,-1,-0.41755,0
2024-06-07,P-CALL,12:55:00,144.5792904,Long-Long-Red-Red,-0.12696,144.76,144.03,13:25:00,144.7628548,Long-Long-Green-Green,0,144.8075056,13:35:00,144.5991352,Upper-Long-Red-Red,-0.14389,0,-0.27086,0
2024-06-12,PUT,14:05:00,145.36316,Long-Long-Red-Red,-0.24915,146.09,143.19,15:55:00,145.7253276,Long-Upper-Green-Green,0,0.0,None,0.0,Long-Upper-Green-Green,0,-1,-0.24915,0
2024-06-17,P-CALL,10:05:00,140.4962228,Bottom-Long-Green-Red,-0.73096,141.52,137.42,12:15:00,141.5231912,Long-Long-Green-Green,0,141.7811736,15:45:00,143.65650719999996,Long-Long-Green-Green,1.3227,1,0.59174,1
2024-06-18,PUT,11:30:00,142.4162072,Bottom-Long-Red-Red,0.52254,142.66,141.67,13:20:00,141.67202719999997,Long-Upper-Red-Red,1,0.0,None,0.0,Long-Upper-Red-Red,0,-1,0.52254,1
2024-06-20,P-CALL,10:25:00,141.8307856,Long-Long-Green-Red,-0.35679,142.34,140.31,12:25:00,142.336828,Upper-Long-Green-Red,0,142.039156,12:30:00,141.86055279999994,Long-Long-Red-Green,-0.12574,1,-0.48254,0
2024-06-21,P-PUT,13:30:00,144.1327824,Long-Long-Red-Red,-0.30291,144.57,142.82,15:40:00,144.569368,Bottom-Long-Red-Green,0,144.6636308,15:45:00,144.7479712,Long-Long-Green-Green,-0.058301,0,-0.36121,0
2024-06-24,P-PUT,12:35:00,148.7169312,Bottom-Long-Red-Red,-0.4537,149.39,146.69,15:25:00,149.3916544,Bottom-Bottom-Red-Green,0,149.3122752,15:40:00,148.98483599999994,Long-Long-Green-Red,0.2193,1,-0.2344,0
2024-06-25,C-CALL,10:05:00,146.672817576,Upper-Long-Red-Green,-0.53437,145.89,149.02,11:20:00,145.8890472,Long-Upper-Red-Green,0,145.97884492,12:10:00,145.809668,Long-Bottom-Red-Red,-0.11589,0,-0.65026,0
2024-06-27,P-CALL,09:55:00,144.321308,Long-Long-Green-Red,-0.62564,145.22,141.61,10:10:00,145.2242464,Long-Long-Red-Green,0,145.3036256,10:30:00,144.767816,Long-Long-Red-Red,-0.36875,0,-0.9944,0
2024-07-01,PUT,10:00:00,147.1095024,Long-Bottom-Red-Red,1.376,147.78,145.09,11:25:00,145.08533279999995,Long-Long-Red-Red,1,0.0,None,0.0,Long-Long-Red-Red,0,-1,1.376,1
2024-07-02,PUT,09:55:00,144.9464192,Bottom-Long-Green-Red,0.69825,145.67,142.79,15:55:00,143.9343344,Long-Bottom-Green-Green,1,0.0,None,0.0,Long-Bottom-Green-Green,0,-1,0.69825,1
2024-07-05,P-PUT,10:30:00,143.9144896,Bottom-Long-Green-Red,-0.27985,144.32,142.71,11:05:00,144.317239816,Bottom-Long-Red-Green,0,144.30543216,11:10:00,144.3411528,Long-Bottom-Green-Green,-0.024753,0,-0.30461,0
2024-07-08,C-CALL,10:00:00,148.439104,Upper-Long-Green-Green,-0.72861,147.36,151.68,11:30:00,147.3575624,Long-Bottom-Red-Red,0,147.3178728,11:35:00,147.37740720000005,Bottom-Upper-Red-Red,0.040412,1,-0.6882,0
2024-07-09,CALL,09:50:00,147.484073,Upper-Long-Green-Green,-0.81238,146.12,151.58,15:55:00,146.2859432,Long-Long-Green-Red,0,0.0,None,0.0,Long-Long-Green-Red,0,-1,-0.81238,0
2024-07-10,CALL,12:05:00,143.5076712,Long-Long-Green-Green,0.72599,142.59,146.25,15:55:00,144.5495232,Bottom-Long-Green-Green,1,0.0,None,0.0,Bottom-Long-Green-Green,0,-1,0.72599,1
2024-07-12,P-CALL,12:10:00,151.391018,Long-Bottom-Red-Red,-0.18024,151.66,150.57,13:15:00,151.663884,Long-Long-Green-Red,0,151.4455912,13:25:00,151.77005368,Long-Long-Green-Green,0.21424,1,0.034004,1
2024-07-15,CALL,10:05:00,150.57242,Long-Long-Green-Green,-0.23064,149.88,152.66,15:55:00,150.225136,Long-Long-Red-Red,0,0.0,None,0.0,Long-Long-Red-Red,0,-1,-0.23064,0
2024-07-16,CALL,11:20:00,152.1897712,Long-Long-Red-Green,0.37163,152,152.76,12:10:00,152.75534799999997,Upper-Long-Red-Green,1,0.0,None,0.0,Upper-Long-Red-Green,0,-1,0.37163,1
2024-07-17,PUT,10:45:00,154.2734752,Bottom-Long-Red-Red,-0.17629,155.16,151.62,15:55:00,154.545448184,Long-Long-Red-Green,0,0.0,None,0.0,Long-Long-Red-Green,0,-1,-0.17629,0
2024-07-18,C-CALL,13:45:00,152.0508576,Upper-Long-Green-Green,-0.18272,151.77,152.88,14:45:00,151.7730304,Upper-Long-Red-Red,0,151.81272,14:50:00,151.7432632,Long-Long-Red-Red,-0.045752,0,-0.22847,0
2024-07-22,PUT,10:00:00,148.637552,Long-Long-Red-Red,-0.49065,150.56,142.88,15:55:00,149.3668484,Bottom-Long-Red-Green,0,0.0,None,0.0,Bottom-Long-Red-Green,0,-1,-0.49065,0
2024-07-23,C-PUT,11:20:00,149.5206456,Upper-Long-Red-Green,-0.22928,149.18,150.55,11:50:00,149.17782668,Long-Long-Green-Red,0,149.282508,13:35:00,149.4958396,Bottom-Long-Red-Red,-0.1429,0,-0.37218,0
2024-07-24,PUT,09:50:00,149.2428184,Long-Bottom-Green-Red,0.55847,149.52,148.41,09:55:00,148.40933680000003,Bottom-Long-Red-Red,1,0.0,None,0.0,Bottom-Long-Red-Red,0,-1,0.55847,1
2024-07-25,C-CALL,11:05:00,147.2285712,Long-Long-Green-Green,-0.82895,146.01,150.89,13:50:00,146.008116,Bottom-Upper-Red-Red,0,146.1767968,13:55:00,145.958504,Upper-Upper-Red-Red,-0.14933,0,-0.97829,0
2024-07-26,PUT,10:35:00,147.694924,Long-Long-Green-Red,0.16795,148.16,146.3,15:55:00,147.446864,Long-Bottom-Green-Red,1,0.0,None,0.0,Long-Bottom-Green-Red,0,-1,0.16795,1
2024-07-29,C-PUT,10:00:00,145.2242464,Long-Long-Green-Green,-0.49877,144.5,147.4,10:35:00,144.4999112,Long-Long-Red-Red,0,144.3312304,11:25:00,145.3433152,Long-Long-Green-Green,-0.70122,0,-1.2,0
2024-07-30,C-PUT,09:50:00,146.60346,Long-Long-Red-Green,-0.50761,145.86,148.84,14:30:00,145.85928,Long-Long-Red-Red,0,145.8245516,15:35:00,146.315611176,Long-Long-Green-Green,-0.33675,0,-0.84436,0
2024-08-01,PUT,10:10:00,147.6998852,Long-Long-Red-Red,1.4007,148.98,143.86,15:55:00,145.6310648,Bottom-Bottom-Red-Red,1,0.0,None,0.0,Bottom-Bottom-Red-Red,0,-1,1.4007,1
2024-08-02,C-PUT,11:50:00,140.2332792,Long-Long-Green-Green,-0.72879,139.21,143.3,13:55:00,139.211272,Bottom-Long-Green-Red,0,139.0922032,15:15:00,137.84198079999996,Long-Upper-Red-Green,0.89884,1,0.17005,1
2024-08-05,PUT,10:00:00,132.1564456,Bottom-Long-Green-Red,-0.026278,134.04,126.5,15:55:00,132.191174,Long-Long-Red-Green,0,0.0,None,0.0,Long-Long-Red-Green,0,-1,-0.026278,0
2024-08-06,C-CALL,09:55:00,133.4165904,Upper-Long-Red-Green,-0.69909,132.48,136.21,11:25:00,132.4838848,Long-Upper-Red-Red,0,132.4342728,11:30:00,132.265592,Upper-Bottom-Red-Red,-0.12737,0,-0.82646,0
2024-08-08,PUT,10:10:00,134.2599944,Long-Long-Green-Red,1.5076,134.93,132.24,12:40:00,132.23582480000005,Long-Long-Red-Red,1,0.0,None,0.0,Long-Long-Red-Red,0,-1,1.5076,1
2024-08-12,CALL,10:10:00,134.0714688,Upper-Long-Red-Green,-0.062907,133.08,137.05,15:55:00,133.9871284,Bottom-Long-Green-Green,0,0.0,None,0.0,Bottom-Long-Green-Green,0,-1,-0.062907,0
2024-08-13,CALL,10:45:00,133.381862,Long-Long-Green-Green,1.1493,132.87,134.91,13:40:00,134.91487280000004,Bottom-Long-Green-Green,1,0.0,None,0.0,Bottom-Long-Green-Green,0,-1,1.1493,1
2024-08-14,C-PUT,11:00:00,135.2125448,Upper-Long-Red-Green,-0.27152,134.85,136.31,11:30:00,134.845416,Long-Long-Red-Red,0,134.94464,11:35:00,135.242312,Long-Long-Red-Green,-0.22059,0,-0.49211,0
2024-08-15,PUT,09:55:00,141.193668296,Bottom-Long-Green-Red,0.51856,142.14,138.36,15:55:00,140.4614944,Long-Long-Red-Red,1,0.0,None,0.0,Long-Long-Red-Red,0,-1,0.51856,1
2024-08-16,CALL,09:50:00,141.046916,Long-Long-Red-Green,1.2452,140.13,143.79,15:55:00,142.8031808,Bottom-Upper-Red-Red,1,0.0,None,0.0,Bottom-Upper-Red-Red,0,-1,1.2452,1
2024-08-19,P-CALL,11:40:00,144.5296784,Long-Long-Green-Red,-0.1888,144.8,143.71,11:55:00,144.8025444,Long-Long-Green-Green,0,144.941458,13:30:00,144.407930552,Bottom-Long-Green-Red,-0.3681,0,-0.55689,0
2024-08-20,PUT,09:50:00,143.654820392,Long-Long-Green-Red,0.48923,144.57,140.91,15:55:00,142.9520168,Long-Long-Green-Red,1,0.0,None,0.0,Long-Long-Green-Red,0,-1,0.48923,1
2024-08-22,P-CALL,09:50:00,156.8,Long-Long-Green-Red,-0.73342,157.95,153.35,10:05:00,157.95,Long-Long-Red-Green,0,157.885,13:30:00,156.9,Bottom-Long-Green-Red,-0.62387,0,-1.3573,0
2024-08-23,P-CALL,09:50:00,157.645,Long-Long-Red-Red,-0.5709,158.54,154.95,10:10:00,158.545,Long-Long-Green-Red,0,158.2,10:25:00,158.91999999999993,Bottom-Long-Green-Green,0.45512,1,-0.11578,0
2024-08-27,CALL,10:30:00,158.6,Long-Long-Green-Green,0.35939,158.12,160.04,15:55:00,159.17,Long-Long-Green-Green,1,0.0,None,0.0,Long-Long-Green-Green,0,-1,0.35939,1
2024-08-28,C-PUT,09:50:00,157.94,Long-Long-Red-Green,-0.48715,157.17,160.25,10:50:00,157.1706,Long-Long-Red-Red,0,157.11,15:55:00,156.995,Bottom-Long-Red-Green,0.59833,1,0.11118,1
2024-08-29,C-PUT,10:05:00,154.58,Long-Long-Green-Green,-0.8798,153.22,158.66,10:45:00,153.22,Long-Long-Red-Red,0,152.92,10:55:00,153.62,Long-Bottom-Green-Red,-0.45776,0,-1.3376,0
2024-09-03,PUT,10:05:00,153.835,Long-Long-Green-Red,1.5146,154.78,151,15:55:00,151.505,Upper-Long-Red-Red,1,0.0,None,0.0,Upper-Long-Red-Red,0,-1,1.5146,1
2024-09-04,C-PUT,14:50:00,151.3775,Long-Long-Red-Green,-0.11726,151.2,151.91,14:55:00,151.2,Long-Long-Green-Red,0,151.25,15:35:00,150.83000000000004,Upper-Long-Green-Red,0.27769,1,0.16043,1
2024-09-05,P-PUT,09:50:00,151.79,Bottom-Long-Red-Red,-0.57316,152.66,149.18,10:10:00,152.66,Long-Bottom-Green-Red,0,152.38,10:20:00,151.52649999999997,Long-Long-Red-Green,0.56011,1,-0.013047,0
