Date,Type,BUY Time,BUY Price,BUY Pattern,Earning(%),SL Price,TP Price,SELL Time,SELL Price,SELL Pattern,Chance,BUY2 Time,2nd Time,2nd Price,2nd Pattern,2nd Earning(%),2nd Chance,Total Earning(%),Final Chance,First
2022-10-03,C-NULL,09:50:00,247.27,Long-Long-Green-Green,-1.6298,243.24,271.45,11:10:00,243.24,Upper-Long-Green-Red,0,243.43,None,0.0,Upper-Long-Green-Red,0,-1,-1.6298,0,13.793103448281945
2022-10-04,P-CALL,09:55:00,249.73,Bottom-Long-Green-Red,-0.94102,252.08,235.63,10:05:00,252.08,Upper-Long-Green-Green,0,251.7187,12:10:00,249.14,Long-Long-Green-Red,-1.0244,0,-1.9655,0,98.8853161843511
2022-10-05,CALL,13:10:00,238.0325,Long-Long-Green-Green,0.81817,236.65,246.33,15:55:00,239.98,Long-Long-Red-Red,1,0.0,None,0.0,Long-Long-Red-Red,0,-1,0.81817,1,0
2022-10-06,PUT,10:00:00,240.9177,Bottom-Long-Green-Red,1.1509,244.58,218.94,15:55:00,238.145,Long-Long-Red-Red,1,0.0,None,0.0,Long-Long-Red-Red,0,-1,1.1509,1,0
2022-10-10,P-NULL,10:10:00,222.83,Bottom-Long-Red-Red,-1.3486,225.84,204.8,10:25:00,225.8351,Long-Bottom-Green-Green,0,225.26,None,0.0,Long-Bottom-Green-Green,0,-1,-1.3486,0,96.87500000000063
2022-10-11,PUT,10:00:00,220.99,Bottom-Long-Green-Red,2.0589,225.75,192.43,15:55:00,216.44,Upper-Upper-Green-Red,1,0.0,None,0.0,Upper-Upper-Green-Red,0,-1,2.0589,1,0
2022-10-12,CALL,11:10:00,214.63,Bottom-Long-Green-Green,1.4041,212.92,224.9,15:55:00,217.6436,Long-Long-Red-Green,1,0.0,None,0.0,Long-Long-Red-Green,0,-1,1.4041,1,0
2022-10-13,CALL,10:10:00,209.608,Upper-Long-Red-Green,5.7068,206.92,225.74,15:55:00,221.57,Upper-Bottom-Green-Green,1,0.0,None,0.0,Upper-Bottom-Green-Green,0,-1,5.7068,1,0
2022-10-19,CALL,09:55:00,221.0427,Upper-Long-Green-Green,0.23502,217.78,240.62,15:55:00,221.5622,Upper-Upper-Green-Green,1,0.0,None,0.0,Upper-Upper-Green-Green,0,-1,0.23502,1,0
2022-10-20,CALL,10:05:00,206.78,Bottom-Long-Green-Green,0.66738,203.5,226.46,15:55:00,208.16,Long-Bottom-Green-Green,1,0.0,None,0.0,Long-Bottom-Green-Green,0,-1,0.66738,1,0
2022-10-21,P-NULL,10:25:00,206.85,Upper-Long-Green-Red,-0.89437,208.7,195.75,10:50:00,208.7,Bottom-Long-Green-Green,0,209.1758,None,0.0,Bottom-Long-Green-Green,0,-1,-0.89437,0,45.45454545454311
2022-10-24,CALL,10:55:00,204.21,Bottom-Long-Green-Green,3.2026,200.46,226.71,15:55:00,210.75,Long-Bottom-Red-Red,1,0.0,None,0.0,Long-Bottom-Red-Red,0,-1,3.2026,1,0
2022-10-25,P-CALL,13:40:00,218.52,Long-Long-Green-Red,-1.2813,221.32,201.72,14:25:00,221.32,Long-Long-Green-Green,0,221.78,15:55:00,222.255,Upper-Long-Red-Red,1.7092,1,0.42788,1,25.096266532730244
2022-10-26,PUT,12:55:00,227.0501,Long-Long-Red-Red,1.0637,228.44,218.71,15:55:00,224.635,Long-Upper-Red-Green,1,0.0,None,0.0,Long-Upper-Red-Green,0,-1,1.0637,1,0
2022-10-27,C-NULL,13:10:00,227.025,Long-Long-Red-Green,-0.9184,224.94,239.54,14:10:00,224.94,Upper-Long-Red-Red,0,224.87,None,0.0,Upper-Long-Red-Red,0,-1,-0.9184,0,71.42857142856562
2022-10-28,P-CALL,09:50:00,220.33,Upper-Long-Red-Red,-2.6867,226.25,184.81,12:25:00,226.2496,Long-Long-Red-Green,0,226.2001,12:50:00,225.0911,Upper-Upper-Red-Red,-0.49027,0,-3.177,0,51.28468653648368
2022-11-02,C-PUT,14:05:00,226.56,Long-Long-Red-Green,-2.1231,221.75,255.42,14:40:00,221.75,Long-Long-Red-Red,0,223.08,15:55:00,215.58,Long-Upper-Red-Red,4.8464,1,2.7233,1,48.606420159182015
2022-11-03,C-NULL,10:05:00,217.58,Long-Long-Red-Green,-1.3145,214.72,234.74,12:05:00,214.72,Long-Upper-Red-Green,0,215.6,None,0.0,Long-Upper-Red-Green,0,-1,-1.3145,0,24.691358024692526
2022-11-08,C-PUT,09:55:00,190.02,Upper-Long-Red-Green,-1.5577,187.06,207.78,10:15:00,187.06,Bottom-Long-Red-Red,0,187.0,11:00:00,190.1915,Long-Long-Green-Green,-1.7067,0,-3.2644,0,64.28571428571371
2022-11-09,PUT,09:50:00,191.666,Bottom-Long-Red-Red,7.4171,195.89,166.32,15:55:00,177.45,Long-Bottom-Red-Red,1,0.0,None,0.0,Long-Bottom-Red-Red,0,-1,7.4171,1,0
2022-11-10,CALL,10:10:00,189.08,Long-Long-Red-Green,0.54474,184.8,214.76,15:55:00,190.11,Long-Upper-Green-Green,1,0.0,None,0.0,Long-Upper-Green-Green,0,-1,0.54474,1,0
2022-11-11,CALL,09:50:00,185.49,Upper-Long-Red-Green,5.6391,182.75,201.93,15:55:00,195.95,Long-Upper-Green-Red,1,0.0,None,0.0,Long-Upper-Green-Red,0,-1,5.6391,1,0
2022-11-14,CALL,10:05:00,190.353,Long-Long-Green-Green,0.15308,187.04,210.23,15:55:00,190.6444,Bottom-Long-Green-Red,1,0.0,None,0.0,Bottom-Long-Green-Red,0,-1,0.15308,1,0
2022-11-15,C-PUT,11:05:00,198.8212,Upper-Long-Red-Green,-0.65949,197.51,206.69,12:05:00,197.51,Long-Long-Green-Red,0,197.8486,13:30:00,194.39440000000002,Upper-Long-Red-Red,1.7459,1,1.0864,1,3.036744609775655
2022-11-16,C-NULL,11:25:00,189.62,Upper-Long-Green-Green,-1.1391,187.46,202.58,14:15:00,187.46,Upper-Upper-Red-Red,0,187.5484,None,0.0,Upper-Upper-Red-Red,0,-1,-1.1391,0,20.825958702062206
2022-11-17,P-NULL,10:00:00,183.61,Upper-Long-Red-Red,-0.83329,185.14,174.43,10:30:00,185.14,Bottom-Bottom-Green-Green,0,184.873,None,0.0,Bottom-Bottom-Green-Green,0,-1,-0.83329,0,89.61937716262959
2022-11-18,C-NULL,13:25:00,179.0,Upper-Long-Red-Green,-0.56983,177.98,185.12,13:55:00,177.98,Bottom-Upper-Green-Red,0,178.14,None,0.0,Bottom-Upper-Green-Red,0,-1,-0.56983,0,0.0
2022-11-21,PUT,10:00:00,174.1117,Bottom-Long-Red-Red,3.2719,176.63,159,15:55:00,168.415,Bottom-Long-Green-Green,1,0.0,None,0.0,Bottom-Long-Green-Green,0,-1,3.2719,1,0
2022-11-22,CALL,10:05:00,169.08,Long-Long-Red-Green,0.45836,166.19,186.45,15:55:00,169.855,Bottom-Long-Green-Green,1,0.0,None,0.0,Bottom-Long-Green-Green,0,-1,0.45836,1,0
2022-11-23,CALL,13:20:00,178.4697,Long-Long-Red-Green,1.1762,177.77,180.57,14:05:00,180.56879999999992,Long-Long-Green-Green,1,0.0,None,0.0,Long-Long-Green-Green,0,-1,1.1762,1,0
2022-11-28,PUT,13:45:00,184.8254,Upper-Long-Red-Red,0.80368,186,177.78,15:55:00,183.34,Long-Long-Red-Green,1,0.0,None,0.0,Long-Long-Red-Green,0,-1,0.80368,1,0
2022-11-29,C-NULL,10:10:00,183.5,Long-Long-Green-Green,-0.89373,181.86,193.34,11:50:00,181.86,Long-Upper-Red-Red,0,182.1,None,0.0,Long-Upper-Red-Red,0,-1,-0.89373,0,16.541478884993165
2022-12-01,PUT,09:50:00,195.9003,Upper-Long-Red-Red,0.78882,198.54,180.06,15:55:00,194.355,Long-Bottom-Red-Green,1,0.0,None,0.0,Long-Bottom-Red-Green,0,-1,0.78882,1,0
2022-12-02,P-CALL,09:50:00,193.0201,Upper-Long-Green-Red,-1.2848,195.5,178.14,10:15:00,195.5,Long-Long-Green-Green,0,195.7401,11:00:00,193.08,Upper-Long-Green-Red,-1.359,0,-2.6438,0,89.73952833509263
2022-12-05,PUT,11:20:00,185.815,Bottom-Long-Red-Red,1.9482,187.41,176.25,15:55:00,182.195,Bottom-Long-Green-Green,1,0.0,None,0.0,Bottom-Long-Green-Green,0,-1,1.9482,1,0
2022-12-06,P-CALL,12:20:00,177.955,Long-Long-Red-Red,-0.97716,179.69,167.52,15:00:00,179.6939,Long-Long-Green-Red,0,179.1,15:20:00,178.65,Long-Long-Red-Red,-0.25126,0,-1.2284,0,66.66666666667298
2022-12-07,PUT,09:50:00,174.6962,Long-Long-Red-Red,0.46721,179.24,147.43,15:55:00,173.88,Long-Long-Green-Green,1,0.0,None,0.0,Long-Long-Green-Green,0,-1,0.46721,1,0
2022-12-08,CALL,09:55:00,171.88,Long-Long-Green-Green,0.96579,169.06,188.8,15:55:00,173.54,Long-Long-Red-Green,1,0.0,None,0.0,Long-Long-Red-Green,0,-1,0.96579,1,0
2022-12-13,C-PUT,09:50:00,173.63,Long-Long-Green-Green,-1.2383,171.48,186.53,09:55:00,171.48,Long-Long-Green-Red,0,171.2399,10:35:00,163.40960000000004,Long-Upper-Red-Red,4.5727,1,3.3344,1,60.007059654076514
2022-12-14,PUT,09:50:00,158.4101,Long-Long-Red-Red,0.5903,161.62,139.15,15:55:00,157.475,Upper-Long-Red-Green,1,0.0,None,0.0,Upper-Long-Red-Green,0,-1,0.5903,1,0
2022-12-15,PUT,10:00:00,157.5899,Long-Long-Red-Red,-0.15287,160.74,138.69,15:55:00,157.8308,Long-Bottom-Green-Red,0,0.0,None,0.0,Long-Bottom-Green-Red,0,-1,-0.15287,0,0
2022-12-16,PUT,10:00:00,156.1101,Upper-Long-Green-Red,3.4591,158.1,144.17,15:55:00,150.7101,Bottom-Bottom-Red-Green,1,0.0,None,0.0,Bottom-Bottom-Red-Green,0,-1,3.4591,1,0
2022-12-19,CALL,12:55:00,150.055,Long-Long-Green-Green,0.069974,148.3,160.58,15:55:00,150.16,Bottom-Long-Green-Green,1,0.0,None,0.0,Bottom-Long-Green-Green,0,-1,0.069974,1,0
2022-12-21,P-NULL,10:25:00,138.0849,Long-Long-Red-Red,-1.6042,140.3,124.79,14:10:00,140.3,Long-Bottom-Green-Green,0,140.0321,None,0.0,Long-Bottom-Green-Green,0,-1,-1.6042,0,82.32434821033955
2022-12-23,P-CALL,09:50:00,121.89,Long-Long-Green-Red,-1.7639,124.04,108.99,10:25:00,124.04,Long-Long-Green-Green,0,124.2814,15:55:00,123.2,Long-Long-Red-Green,1.0747,1,-0.68915,0,2.8801071667787896
2022-12-28,PUT,10:10:00,111.875,Bottom-Long-Green-Red,-0.75978,114.83,94.145,15:55:00,112.725,Long-Long-Green-Green,0,0.0,None,0.0,Long-Long-Green-Green,0,-1,-0.75978,0,0
2022-12-29,P-CALL,10:05:00,119.7675,Upper-Long-Green-Red,-0.96228,120.92,112.85,10:10:00,120.92,Long-Long-Red-Green,0,120.865,12:35:00,119.53,Upper-Long-Red-Red,-1.1045,0,-2.0668,0,97.67869455297769
2023-01-04,P-CALL,10:00:00,109.64,Bottom-Long-Red-Red,-2.5356,112.42,92.96,10:55:00,112.42,Long-Long-Green-Red,0,111.73,11:00:00,111.3774,Long-Upper-Red-Green,-0.31558,0,-2.8512,0,62.06594689232369
2023-01-05,C-PUT,10:05:00,109.71,Bottom-Long-Green-Green,-1.4675,108.1,119.37,10:25:00,108.1,Long-Long-Red-Red,0,107.935,10:30:00,108.9299,Long-Bottom-Red-Green,-0.92176,0,-2.3893,0,54.32098765432216
2023-01-09,C-PUT,14:05:00,121.51,Upper-Long-Green-Green,-0.65015,120.72,126.25,15:00:00,120.72,Bottom-Long-Green-Red,0,120.6001,15:55:00,119.73,Upper-Long-Red-Red,1.4649,1,0.81475,1,28.083832335327706
2023-01-10,C-NULL,13:10:00,117.7371,Bottom-Long-Red-Green,-0.47317,117.18,119.41,13:35:00,117.18,Long-Upper-Red-Red,0,117.3684,None,0.0,Long-Upper-Red-Red,0,-1,-0.47317,0,3.604088219474056
2023-01-11,PUT,11:00:00,122.68,Bottom-Long-Red-Red,-0.22824,124.1,114.16,15:55:00,122.96,Upper-Bottom-Green-Green,0,0.0,None,0.0,Upper-Bottom-Green-Green,0,-1,-0.22824,0,0
2023-01-12,CALL,10:05:00,119.255,Upper-Long-Green-Green,3.6015,117.56,129.42,15:55:00,123.55,Upper-Long-Green-Green,1,0.0,None,0.0,Upper-Long-Green-Green,0,-1,3.6015,1,0
2023-01-13,CALL,10:00:00,117.5736,Long-Long-Green-Green,3.8839,115.6,129.42,15:55:00,122.14,Upper-Long-Red-Green,1,0.0,None,0.0,Upper-Long-Red-Green,0,-1,3.8839,1,0
2023-01-17,P-CALL,11:10:00,128.325,Upper-Long-Red-Red,-0.48704,128.95,126.45,11:35:00,128.95,Long-Long-Green-Green,0,128.755,15:55:00,131.1227,Long-Bottom-Red-Green,2.1802,1,1.6931,1,85.51881413910567
2023-01-18,PUT,10:10:00,133.99,Bottom-Long-Green-Red,3.866,135.18,126.85,15:55:00,128.81,Long-Long-Green-Green,1,0.0,None,0.0,Long-Long-Green-Green,0,-1,3.866,1,0
2023-01-19,P-NULL,09:50:00,127.6718,Long-Long-Red-Red,-1.52,129.61,116.03,10:00:00,129.6124,Bottom-Long-Green-Green,0,129.18,None,0.0,Bottom-Long-Green-Green,0,-1,-1.52,0,95.1612903225805
2023-01-24,CALL,10:55:00,143.74,Long-Long-Green-Green,-0.00097398,142.2,152.98,15:55:00,143.7386,Upper-Long-Green-Green,0,0.0,None,0.0,Upper-Long-Green-Green,0,-1,-0.00097398,0,0
2023-01-25,P-CALL,09:50:00,140.6,Bottom-Long-Red-Red,-1.1735,142.25,130.7,11:15:00,142.25,Upper-Long-Green-Green,0,142.375,14:20:00,145.66,Long-Long-Green-Green,2.3073,1,1.1337,1,59.375000000000554
2023-01-26,C-PUT,10:20:00,158.6,Upper-Long-Green-Green,-1.7654,155.8,175.4,11:00:00,155.8,Long-Bottom-Red-Red,0,156.1358,14:10:00,158.54,Long-Long-Red-Green,-1.5398,0,-3.3053,0,51.69041631740762
2023-01-30,PUT,10:20:00,174.72,Bottom-Long-Red-Red,4.2411,176.99,161.1,15:55:00,167.31,Long-Long-Red-Red,1,0.0,None,0.0,Long-Long-Red-Red,0,-1,4.2411,1,0
2023-02-01,C-NULL,09:55:00,175.33,Bottom-Long-Red-Green,-2.1902,171.49,198.37,10:55:00,171.49,Bottom-Upper-Red-Red,0,171.96,None,0.0,Bottom-Upper-Red-Red,0,-1,-2.1902,0,11.249999999997113
2023-02-02,P-NULL,10:00:00,187.535,Upper-Long-Red-Red,-1.3891,190.14,171.91,10:35:00,190.14,Bottom-Long-Red-Green,0,191.04,None,0.0,Bottom-Long-Red-Green,0,-1,-1.3891,0,88.07339449541361
2023-02-03,PUT,13:00:00,194.5063,Bottom-Long-Red-Red,2.0829,196.88,180.26,15:55:00,190.455,Bottom-Long-Red-Green,1,0.0,None,0.0,Bottom-Long-Red-Green,0,-1,2.0829,1,0
2023-02-06,C-NULL,09:55:00,195.8694,Long-Long-Red-Green,-1.4599,193.01,213.03,10:25:00,193.01,Long-Long-Red-Red,0,192.016,None,0.0,Long-Long-Red-Red,0,-1,-1.4599,0,0.0
2023-02-07,P-CALL,09:50:00,194.25,Upper-Long-Green-Red,-1.14,196.46,180.96,12:55:00,196.4644,Long-Long-Green-Green,0,196.8517,13:15:00,194.18,Bottom-Long-Green-Red,-1.3572,0,-2.4972,0,42.07538052669682
2023-02-08,P-CALL,11:10:00,199.94,Long-Long-Green-Red,-0.75023,201.44,190.94,13:25:00,201.44,Long-Upper-Green-Green,0,201.342,13:30:00,200.43,Upper-Long-Green-Red,-0.45296,0,-1.2032,0,28.315412186377976
2023-02-09,P-CALL,11:35:00,209.1539,Upper-Long-Green-Red,-0.73922,210.7,199.88,11:40:00,210.7,Long-Long-Red-Green,0,210.9568,15:05:00,209.02,Upper-Long-Red-Red,-0.9181,0,-1.6573,0,55.830388692582964
2023-02-13,P-NULL,09:55:00,189.0867,Long-Long-Red-Red,-2.0643,192.99,165.67,10:40:00,192.99,Upper-Bottom-Green-Green,0,192.3124,None,0.0,Upper-Bottom-Green-Green,0,-1,-2.0643,0,88.7336638125287
2023-02-14,P-CALL,10:40:00,199.04,Bottom-Long-Red-Red,-1.5625,202.15,180.38,12:35:00,202.15,Long-Long-Green-Green,0,202.075,15:30:00,207.84969999999993,Long-Bottom-Green-Green,2.8577,1,1.2952,1,35.028936947914886
2023-02-15,P-NULL,09:55:00,207.52,Long-Long-Green-Red,-1.9179,211.5,183.64,10:35:00,211.5,Bottom-Long-Green-Green,0,211.32,None,0.0,Bottom-Long-Green-Green,0,-1,-1.9179,0,52.87356321839144
2023-02-16,P-CALL,12:20:00,214.38,Bottom-Long-Red-Red,-0.68103,215.84,205.62,12:35:00,215.84,Long-Long-Green-Green,0,216.58,12:50:00,215.06,Long-Long-Green-Red,-0.70182,0,-1.3829,0,88.93214682982112
2023-02-17,P-NULL,09:50:00,199.965,Bottom-Long-Green-Red,-1.8028,203.57,178.34,10:05:00,203.57,Long-Bottom-Green-Green,0,203.7713,None,0.0,Long-Bottom-Green-Green,0,-1,-1.8028,0,63.45435767061204
2023-02-21,PUT,09:50:00,206.6102,Bottom-Long-Green-Red,4.2555,209.71,188.01,15:55:00,197.818,Long-Long-Red-Red,1,0.0,None,0.0,Long-Long-Red-Red,0,-1,4.2555,1,0
2023-02-22,C-PUT,09:50:00,200.09,Upper-Long-Red-Green,-1.1545,197.78,213.95,09:55:00,197.78,Long-Long-Green-Red,0,197.95,14:05:00,200.87,Long-Upper-Green-Green,-1.4751,0,-2.6296,0,28.571428571430506
2023-02-23,CALL,13:50:00,200.75,Long-Long-Green-Green,0.51557,199.16,210.28,15:55:00,201.785,Long-Upper-Red-Red,1,0.0,None,0.0,Long-Upper-Red-Red,0,-1,0.51557,1,0
2023-02-24,C-NULL,10:45:00,195.1246,Bottom-Long-Red-Green,-0.59685,193.96,202.11,11:00:00,193.96,Upper-Long-Red-Red,0,194.03,None,0.0,Upper-Long-Red-Red,0,-1,-0.59685,0,5.263157894732118
2023-02-27,C-PUT,11:10:00,205.785,Bottom-Long-Red-Green,-0.41062,204.94,208.32,11:15:00,204.94,Long-Long-Green-Red,0,205.01,11:35:00,205.8394,Long-Long-Green-Red,-0.40457,0,-0.81519,0,52.77777777777931
2023-03-01,CALL,12:20:00,201.385,Upper-Long-Red-Green,0.9311,200.63,203.65,15:55:00,203.2601,Long-Upper-Green-Green,1,0.0,None,0.0,Long-Upper-Green-Green,0,-1,0.9311,1,0
2023-03-02,PUT,11:05:00,190.08,Bottom-Long-Green-Red,-0.49437,192.2,177.36,15:55:00,191.0197,Upper-Upper-Red-Red,0,0.0,None,0.0,Upper-Upper-Red-Red,0,-1,-0.49437,0,0
2023-03-06,C-NULL,10:45:00,196.89,Bottom-Long-Green-Green,-0.83295,195.25,206.73,11:35:00,195.25,Upper-Long-Red-Red,0,195.35,None,0.0,Upper-Long-Red-Red,0,-1,-0.83295,0,49.69798657718072
2023-03-07,C-PUT,10:35:00,190.382,Long-Long-Green-Green,-1.1671,188.16,203.71,15:55:00,188.16,Long-Long-Red-Red,0,187.8499,None,0.0,Long-Long-Red-Red,0,-1,-1.1671,0,64.78209658422122
2023-03-08,P-CALL,10:40:00,181.7779,Upper-Long-Green-Red,-0.45226,182.6,179.31,11:00:00,182.6,Long-Long-Green-Green,0,182.39,11:40:00,180.79,Long-Upper-Red-Green,-0.87724,0,-1.3295,0,48.32472078679909
2023-03-09,PUT,10:05:00,182.92,Bottom-Long-Red-Red,5.1488,184.49,173.5,15:20:00,173.50179999999992,Long-Long-Red-Red,1,0.0,None,0.0,Long-Long-Red-Red,0,-1,5.1488,1,0
2023-03-13,CALL,09:50:00,168.865,Upper-Long-Red-Green,3.3784,164.22,196.73,15:55:00,174.57,Long-Long-Red-Red,1,0.0,None,0.0,Long-Long-Red-Red,0,-1,3.3784,1,0
2023-03-14,P-CALL,10:05:00,179.5132,Upper-Long-Green-Red,-0.8728,181.08,170.11,10:25:00,181.08,Long-Long-Red-Green,0,181.28,10:40:00,180.01,Long-Long-Red-Red,-0.70057,0,-1.5734,0,46.875000000000696
2023-03-15,P-CALL,09:55:00,180.3599,Upper-Long-Red-Red,-0.93707,182.05,170.22,10:10:00,182.05,Long-Long-Green-Green,0,181.85,10:35:00,179.66,Long-Long-Red-Red,-1.2043,0,-2.1414,0,91.89189189189169
2023-03-16,CALL,09:55:00,181.51,Long-Long-Red-Green,1.3773,178.88,197.29,15:55:00,184.01,Long-Bottom-Red-Red,1,0.0,None,0.0,Long-Bottom-Red-Red,0,-1,1.3773,1,0
2023-03-17,PUT,10:10:00,183.1013,Bottom-Long-Green-Red,1.6973,184.9,172.31,15:55:00,179.9935,Long-Bottom-Red-Green,1,0.0,None,0.0,Long-Bottom-Red-Green,0,-1,1.6973,1,0
2023-03-20,P-NULL,12:20:00,182.51,Upper-Long-Green-Red,-0.42184,183.28,180.2,13:35:00,183.2799,Bottom-Long-Red-Green,0,183.1715,None,0.0,Bottom-Long-Red-Green,0,-1,-0.42184,0,74.38633938100256
2023-03-21,CALL,10:40:00,190.935,Long-Long-Red-Green,1.1234,190.22,193.08,11:15:00,193.08,Long-Long-Green-Green,1,0.0,None,0.0,Long-Long-Green-Green,0,-1,1.1234,1,0
2023-03-22,C-PUT,10:55:00,198.0199,Long-Long-Green-Green,-0.6514,196.73,205.76,11:15:00,196.73,Long-Long-Red-Red,0,196.7601,11:40:00,197.88,Long-Long-Green-Green,-0.56917,0,-1.2206,0,40.30645161290239
2023-03-23,PUT,11:00:00,197.77,Upper-Long-Red-Red,1.4561,198.73,194.89,12:00:00,194.89030000000008,Upper-Long-Red-Red,1,0.0,None,0.0,Upper-Long-Red-Red,0,-1,1.4561,1,0
2023-03-24,C-NULL,10:00:00,190.45,Bottom-Long-Green-Green,-0.7456,189.03,198.97,11:05:00,189.03,Bottom-Upper-Green-Red,0,189.39,None,0.0,Bottom-Upper-Green-Red,0,-1,-0.7456,0,38.66666666666707
2023-03-27,PUT,09:55:00,196.0042,Bottom-Long-Red-Red,1.729,197.39,187.69,15:55:00,192.6153,Long-Upper-Red-Green,1,0.0,None,0.0,Long-Upper-Red-Green,0,-1,1.729,1,0
2023-03-28,PUT,10:25:00,188.7001,Upper-Long-Green-Red,-0.27022,189.96,181.14,15:55:00,189.21,Upper-Long-Red-Green,0,0.0,None,0.0,Upper-Long-Red-Green,0,-1,-0.27022,0,0
2023-03-29,PUT,09:55:00,193.47,Upper-Long-Red-Red,-0.19641,194.96,184.53,15:55:00,193.85,Bottom-Long-Green-Green,0,0.0,None,0.0,Bottom-Long-Green-Green,0,-1,-0.19641,0,0
2023-03-30,P-NULL,10:05:00,195.18,Long-Long-Green-Red,-0.54309,196.24,188.82,10:30:00,196.24,Long-Bottom-Green-Green,0,196.1901,None,0.0,Long-Bottom-Green-Green,0,-1,-0.54309,0,50.2350461987342
2023-04-05,PUT,14:25:00,186.0601,Bottom-Long-Green-Red,-0.021445,186.82,183.78,15:55:00,186.1,Long-Long-Red-Green,0,0.0,None,0.0,Long-Long-Red-Green,0,-1,-0.021445,0,0
2023-04-10,C-PUT,09:50:00,178.4312,Upper-Long-Green-Green,-0.98144,176.68,188.94,10:05:00,176.68,Bottom-Long-Red-Green,0,177.795,10:10:00,178.04,Long-Bottom-Green-Red,-0.1378,0,-1.1192,0,25.619834710743216
2023-04-11,P-CALL,12:00:00,186.62,Long-Long-Red-Red,-0.62158,187.78,179.66,13:25:00,187.78,Long-Long-Green-Green,0,187.7115,15:40:00,187.09,Long-Long-Red-Red,-0.33109,0,-0.95268,0,51.453488372091485
2023-04-13,CALL,09:50:00,183.21,Upper-Long-Red-Green,1.5119,181.92,190.93,15:55:00,185.9799,Bottom-Bottom-Red-Green,1,0.0,None,0.0,Bottom-Bottom-Red-Green,0,-1,1.5119,1,0
2023-04-14,PUT,10:10:00,184.0139,Upper-Long-Green-Red,-0.51686,185.9,172.7,15:55:00,184.965,Upper-Long-Red-Red,0,0.0,None,0.0,Upper-Long-Red-Red,0,-1,-0.51686,0,0
2023-04-17,CALL,14:55:00,185.615,Long-Long-Green-Green,0.9434,185.03,187.37,15:55:00,187.36610000000007,Upper-Bottom-Green-Green,1,0.0,None,0.0,Upper-Bottom-Green-Green,0,-1,0.9434,1,0
2023-04-18,C-PUT,09:50:00,187.3501,Long-Long-Green-Green,-0.76867,185.91,195.99,10:00:00,185.91,Long-Long-Red-Red,0,185.0894,15:55:00,185.05,Long-Long-Red-Green,1.2277,1,0.45903,1,21.040723981900623
2023-04-19,P-CALL,10:00:00,179.2833,Bottom-Long-Red-Red,-0.67865,180.5,171.98,10:10:00,180.5,Long-Long-Green-Green,0,180.6001,15:55:00,180.3,Long-Long-Red-Red,0.56709,1,-0.11156,0,22.69213278763486
2023-04-20,PUT,09:55:00,167.28,Bottom-Long-Red-Red,2.6124,169.6,153.36,15:55:00,162.91,Long-Long-Green-Green,1,0.0,None,0.0,Long-Long-Green-Green,0,-1,2.6124,1,0
2023-04-21,P-NULL,09:55:00,161.68,Upper-Long-Green-Red,-0.81643,163,153.76,10:10:00,163.0,Bottom-Long-Green-Green,0,163.9117,None,0.0,Bottom-Long-Green-Green,0,-1,-0.81643,0,20.93821510297963
2023-04-24,PUT,10:00:00,163.57,Bottom-Long-Red-Red,0.62365,165.17,153.97,15:55:00,162.5499,Long-Long-Green-Red,1,0.0,None,0.0,Long-Long-Green-Red,0,-1,0.62365,1,0
2023-04-25,P-CALL,09:50:00,159.5608,Bottom-Long-Green-Red,-1.184,161.45,148.23,10:20:00,161.45,Upper-Long-Green-Green,0,161.86,15:55:00,160.95,Bottom-Long-Green-Red,0.87064,1,-0.31336,0,78.93253147904508
2023-04-26,C-NULL,12:00:00,156.125,Long-Long-Green-Green,-0.48359,155.37,158.39,12:20:00,155.37,Long-Long-Red-Red,0,155.4355,None,0.0,Long-Long-Red-Red,0,-1,-0.48359,0,0.0
2023-04-27,P-CALL,10:00:00,154.11,Bottom-Long-Red-Red,-0.90195,155.5,145.77,10:15:00,155.5,Long-Long-Green-Green,0,155.82,15:55:00,160.2401,Bottom-Bottom-Green-Green,3.9777,1,3.0758,1,14.28571428571622
2023-05-01,C-NULL,09:50:00,162.16,Long-Long-Red-Green,-0.78934,160.88,169.84,10:45:00,160.88,Long-Upper-Red-Green,0,161.37,None,0.0,Long-Upper-Red-Green,0,-1,-0.78934,0,18.57142857142822
2023-05-02,C-PUT,09:50:00,164.6196,Bottom-Long-Green-Green,-0.80154,163.3,172.54,10:10:00,163.3001,Long-Long-Red-Red,0,163.17,15:55:00,160.15,Long-Long-Red-Green,2.7151,1,1.9136,1,57.889195946835315
2023-05-03,P-CALL,11:30:00,163.0273,Upper-Long-Green-Red,-0.46784,163.79,160.74,11:55:00,163.79,Long-Long-Green-Green,0,163.95,14:40:00,163.1,Long-Upper-Red-Green,-0.51845,0,-0.98629,0,50.0
2023-05-04,C-PUT,09:55:00,162.1987,Long-Long-Green-Green,-0.73903,161,169.39,10:05:00,161.0,Long-Long-Red-Red,0,160.6175,11:10:00,162.5,Bottom-Long-Green-Green,-1.172,0,-1.9111,0,52.03252032520137
2023-05-08,C-PUT,10:00:00,172.1,Bottom-Long-Red-Green,-0.8699,170.6,181.08,10:30:00,170.6029,Bottom-Long-Red-Red,0,169.83,11:15:00,171.48,Long-Bottom-Green-Green,-0.97156,0,-1.8415,0,50.0
2023-05-09,C-NULL,10:00:00,169.27,Upper-Long-Green-Green,-0.41354,168.57,171.37,10:10:00,168.57,Upper-Long-Red-Red,0,168.7,None,0.0,Upper-Long-Red-Red,0,-1,-0.41354,0,21.73913043478852
2023-05-10,C-PUT,09:50:00,172.99,Upper-Long-Red-Green,-0.91913,171.4,182.53,10:45:00,171.4,Long-Long-Red-Red,0,171.2205,15:55:00,168.707,Long-Upper-Red-Red,2.4759,1,1.5567,1,57.5978511128193
2023-05-11,P-NULL,10:35:00,167.5999,Bottom-Long-Red-Red,-0.59672,168.6,161.6,10:50:00,168.6,Bottom-Long-Green-Green,0,168.54,None,0.0,Bottom-Long-Green-Green,0,-1,-0.59672,0,26.92307692308323
2023-05-12,P-CALL,09:50:00,175.7611,Long-Long-Green-Red,-0.86418,177.28,166.65,09:55:00,177.28,Long-Long-Red-Green,0,177.195,10:05:00,175.72,Long-Long-Red-Red,-0.83242,0,-1.6966,0,49.33333333333394
2023-05-15,PUT,09:55:00,167.4299,Long-Long-Red-Red,0.65693,169.76,153.45,15:55:00,166.33,Long-Long-Green-Green,1,0.0,None,0.0,Long-Long-Green-Green,0,-1,0.65693,1,0
2023-05-16,CALL,10:20:00,166.4701,Long-Long-Red-Green,0.14411,164.78,176.61,15:55:00,166.71,Bottom-Long-Red-Red,1,0.0,None,0.0,Bottom-Long-Red-Red,0,-1,0.14411,1,0
2023-05-18,CALL,10:20:00,174.4795,Long-Long-Green-Green,1.1294,173.06,183,15:55:00,176.45,Bottom-Bottom-Red-Green,1,0.0,None,0.0,Bottom-Bottom-Red-Green,0,-1,1.1294,1,0
2023-05-22,P-CALL,10:10:00,182.775,Upper-Long-Green-Red,-0.73041,184.11,174.76,10:20:00,184.11,Long-Long-Green-Green,0,184.245,15:15:00,188.97000000000006,Upper-Long-Green-Green,2.5645,1,1.8341,1,32.57694900022292
2023-05-23,PUT,11:40:00,190.37,Long-Long-Red-Red,1.371,191.24,187.76,12:35:00,187.76,Long-Long-Red-Red,1,0.0,None,0.0,Long-Long-Red-Red,0,-1,1.371,1,0
2023-05-24,CALL,11:20:00,180.735,Long-Long-Green-Green,1.2957,179.45,188.45,15:55:00,183.0767,Bottom-Long-Red-Red,1,0.0,None,0.0,Bottom-Long-Red-Red,0,-1,1.2957,1,0
2023-05-25,CALL,10:40:00,183.7714,Long-Long-Green-Green,0.39647,182.18,193.32,15:55:00,184.5,Long-Bottom-Red-Green,1,0.0,None,0.0,Long-Bottom-Red-Green,0,-1,0.39647,1,0
2023-05-30,PUT,09:55:00,199.549,Long-Long-Green-Red,-0.4866,204.2,171.64,15:55:00,200.52,Bottom-Upper-Red-Red,0,0.0,None,0.0,Bottom-Upper-Red-Red,0,-1,-0.4866,0,0
2023-06-01,CALL,10:05:00,202.8848,Upper-Long-Green-Green,2.0875,199.95,220.49,15:55:00,207.12,Bottom-Long-Red-Red,1,0.0,None,0.0,Bottom-Long-Red-Red,0,-1,2.0875,1,0
2023-06-02,P-CALL,10:00:00,210.855,Upper-Long-Green-Red,-0.92243,212.8,199.18,10:15:00,212.8,Long-Long-Green-Green,0,213.23,15:55:00,214.22,Upper-Upper-Red-Red,1.5959,1,0.67345,1,18.181818181851067
2023-06-05,PUT,09:55:00,219.12,Upper-Long-Red-Red,0.74617,220.99,207.9,15:55:00,217.485,Long-Bottom-Red-Green,1,0.0,None,0.0,Long-Bottom-Red-Green,0,-1,0.74617,1,0
2023-06-07,PUT,10:25:00,228.5664,Upper-Long-Green-Red,1.7222,230.23,218.58,15:55:00,224.63,Upper-Long-Red-Green,1,0.0,None,0.0,Upper-Long-Red-Green,0,-1,1.7222,1,0
2023-06-12,C-NULL,10:00:00,248.06,Upper-Long-Green-Green,-0.87882,245.88,261.14,10:40:00,245.88,Long-Upper-Red-Red,0,245.77,None,0.0,Long-Upper-Red-Red,0,-1,-0.87882,0,4.838709677419502
2023-06-14,P-CALL,09:55:00,255.968,Bottom-Long-Green-Red,-0.94231,258.38,241.5,10:20:00,258.38,Long-Long-Green-Green,0,260.42,11:50:00,257.1759,Long-Upper-Red-Red,-1.2457,0,-2.188,0,69.40063091482254
2023-06-14,CALL,16:00:00,256.79,Bottom-Long-Red-Green,-0.16745,256.02,259.1,None,256.36,Long-Long-Green-Green,0,0.0,None,0.0,Long-Upper-Red-Red,0,-1,-0.16745,0,0
2023-06-16,CALL,09:50:00,260.1695,Long-Long-Red-Green,0.30342,257.21,277.93,15:55:00,260.9589,Bottom-Bottom-Red-Green,1,0.0,None,0.0,Bottom-Bottom-Red-Green,0,-1,0.30342,1,0
2023-06-20,C-PUT,09:50:00,266.31,Long-Long-Red-Green,-0.66464,264.54,276.93,10:15:00,264.54,Bottom-Long-Green-Red,0,264.6232,12:15:00,266.14,Long-Long-Green-Green,-0.57319,0,-1.2378,0,74.14272474513227
2023-06-23,P-NULL,10:55:00,255.989,Long-Long-Red-Red,-0.75042,257.91,244.46,11:10:00,257.91,Upper-Bottom-Green-Green,0,257.72,None,0.0,Upper-Bottom-Green-Green,0,-1,-0.75042,0,63.46153846153763
2023-06-26,PUT,10:25:00,254.34,Bottom-Long-Red-Red,5.068,257.71,234.12,15:55:00,241.45,Long-Bottom-Red-Red,1,0.0,None,0.0,Long-Bottom-Red-Red,0,-1,5.068,1,0
2023-06-27,C-NULL,09:50:00,243.97,Bottom-Long-Red-Green,-0.81158,241.99,255.85,11:10:00,241.99,Bottom-Upper-Red-Red,0,242.6554,None,0.0,Bottom-Upper-Red-Red,0,-1,-0.81158,0,4.754481683553923
2023-06-28,P-CALL,11:25:00,255.4332,Upper-Long-Green-Red,-0.6682,257.14,245.19,11:35:00,257.14,Long-Long-Green-Green,0,257.3878,12:40:00,254.9,Upper-Long-Red-Red,-0.96656,0,-1.6348,0,24.21227197346174
2023-06-29,C-NULL,11:00:00,257.39,Long-Long-Green-Green,-1.0597,254.66,273.75,13:05:00,254.6625,Long-Upper-Red-Red,0,254.98,None,0.0,Long-Upper-Red-Red,0,-1,-1.0597,0,39.92842535787302
2023-07-05,P-NULL,10:10:00,279.9001,Upper-Long-Green-Red,-0.66091,281.75,268.8,10:20:00,281.75,Long-Bottom-Green-Green,0,281.68,None,0.0,Long-Bottom-Green-Green,0,-1,-0.66091,0,75.44797233574269
2023-07-06,CALL,10:45:00,276.07,Upper-Long-Red-Green,0.26805,274.27,286.87,15:55:00,276.81,Upper-Long-Green-Red,1,0.0,None,0.0,Upper-Long-Green-Red,0,-1,0.26805,1,0
2023-07-07,PUT,10:05:00,278.45,Upper-Long-Red-Red,1.1851,279.55,275.15,10:35:00,275.1499999999999,Upper-Long-Green-Red,1,0.0,None,0.0,Upper-Long-Green-Red,0,-1,1.1851,1,0
2023-07-10,C-NULL,10:25:00,272.8294,Upper-Long-Green-Green,-0.96009,270.21,288.55,10:40:00,270.21,Long-Upper-Red-Green,0,271.27,None,0.0,Long-Upper-Red-Green,0,-1,-0.96009,0,11.732753938080007
2023-07-11,C-NULL,09:55:00,269.4501,Long-Long-Red-Green,-0.6124,267.8,279.35,10:10:00,267.8,Long-Upper-Red-Green,0,268.1901,None,0.0,Long-Upper-Red-Green,0,-1,-0.6124,0,4.792766842696829
2023-07-12,C-NULL,10:05:00,274.74,Upper-Long-Green-Green,-0.68221,272.87,285.99,10:45:00,272.8657,Long-Upper-Red-Red,0,273.24,None,0.0,Long-Upper-Red-Red,0,-1,-0.68221,0,32.560340747750985
2023-07-13,C-NULL,09:55:00,273.6,Upper-Long-Red-Green,-0.40205,272.5,276.9,10:10:00,272.5,Long-Upper-Red-Red,0,272.81,None,0.0,Long-Upper-Red-Red,0,-1,-0.40205,0,3.6345776031431902
2023-07-14,CALL,11:20:00,279.22,Bottom-Long-Green-Green,1.3108,278,282.88,12:05:00,282.8800000000001,Long-Upper-Green-Green,1,0.0,None,0.0,Long-Upper-Green-Green,0,-1,1.3108,1,0
2023-07-17,P-CALL,12:25:00,287.27,Upper-Long-Green-Red,-0.36551,288.32,284.12,14:10:00,288.32,Long-Long-Green-Green,0,288.41,15:55:00,290.42,Long-Long-Red-Green,1.0965,1,0.73102,1,51.724137931033134
2023-07-18,CALL,10:50:00,288.21,Long-Long-Green-Green,0.98886,287.26,291.06,13:15:00,291.05999999999995,Long-Bottom-Green-Green,1,0.0,None,0.0,Long-Bottom-Green-Green,0,-1,0.98886,1,0
2023-07-19,CALL,10:20:00,296.49,Bottom-Long-Red-Green,0.92067,295.58,299.22,11:40:00,299.2197,Long-Long-Green-Red,1,0.0,None,0.0,Long-Long-Green-Red,0,-1,0.92067,1,0
2023-07-21,C-PUT,11:25:00,261.925,Upper-Long-Red-Green,-0.82275,259.77,274.86,11:50:00,259.77,Bottom-Long-Red-Green,0,261.53,11:55:00,263.53999999999985,Long-Long-Green-Red,-0.76855,1,-1.5913,0,13.745704467358449
2023-07-24,CALL,10:05:00,257.9,Long-Long-Green-Green,4.2071,255.67,271.28,15:55:00,268.75,Upper-Upper-Red-Red,1,0.0,None,0.0,Upper-Upper-Red-Red,0,-1,4.2071,1,0
2023-07-25,P-CALL,11:55:00,268.11,Bottom-Long-Red-Red,-0.47369,269.38,264.3,13:10:00,269.38,Upper-Upper-Red-Green,0,269.34,13:50:00,268.531,Upper-Long-Red-Red,-0.30036,0,-0.77405,0,14.92537313433013
2023-07-26,PUT,10:50:00,265.7155,Upper-Long-Red-Red,0.72088,267.46,255.25,15:55:00,263.8,Long-Long-Red-Red,1,0.0,None,0.0,Long-Long-Red-Red,0,-1,0.72088,1,0
2023-07-27,C-PUT,11:30:00,266.032,Long-Long-Green-Green,-0.31274,265.2,268.53,13:00:00,265.2,Long-Long-Red-Red,0,265.298,14:15:00,260.732,Long-Long-Red-Red,1.7211,1,1.4083,1,21.089713480500784
2023-07-28,P-NULL,10:40:00,261.185,Long-Long-Green-Red,-0.59153,262.73,251.91,11:00:00,262.73,Bottom-Long-Red-Green,0,262.9318,None,0.0,Bottom-Long-Red-Green,0,-1,-0.59153,0,76.74706246134909
2023-08-01,PUT,09:50:00,262.71,Bottom-Long-Green-Red,0.40737,264.98,249.09,15:55:00,261.6398,Long-Long-Green-Green,1,0.0,None,0.0,Long-Long-Green-Green,0,-1,0.40737,1,0
2023-08-02,PUT,10:10:00,256.3701,Long-Long-Red-Red,0.99068,259.25,239.09,15:55:00,253.8303,Long-Bottom-Green-Red,1,0.0,None,0.0,Long-Bottom-Green-Red,0,-1,0.99068,1,0
2023-08-03,P-CALL,10:20:00,255.09,Long-Long-Green-Red,-0.55275,256.5,246.63,11:15:00,256.5,Long-Upper-Green-Red,0,256.21,11:50:00,255.6701,Bottom-Long-Red-Red,-0.21073,0,-0.76347,0,28.712871287126983
2023-08-04,C-PUT,11:50:00,259.9948,Long-Long-Green-Green,-0.72878,258.1,271.36,14:05:00,258.1,Long-Long-Red-Red,0,257.07,15:55:00,253.34,Upper-Bottom-Green-Red,2.5596,1,1.8308,1,54.89690721649324
2023-08-07,C-PUT,10:20:00,249.41,Upper-Long-Green-Green,-0.82194,247.36,261.71,10:45:00,247.36,Long-Long-Green-Red,0,247.09,14:25:00,249.2,Long-Bottom-Green-Red,-0.85394,0,-1.6759,0,96.4912280701786
2023-08-08,CALL,10:05:00,248.54,Long-Long-Green-Green,0.47075,246.01,263.7,15:55:00,249.71,Long-Bottom-Green-Red,1,0.0,None,0.0,Long-Bottom-Green-Red,0,-1,0.47075,1,0
2023-08-09,PUT,10:20:00,246.84,Bottom-Long-Green-Red,1.661,248.55,236.58,15:55:00,242.74,Long-Upper-Red-Red,1,0.0,None,0.0,Long-Upper-Red-Red,0,-1,1.661,1,0
2023-08-10,PUT,10:45:00,249.17,Long-Long-Red-Red,1.4368,251.4,235.79,15:55:00,245.59,Long-Long-Green-Green,1,0.0,None,0.0,Long-Long-Green-Green,0,-1,1.4368,1,0
2023-08-11,CALL,12:10:00,241.23,Long-Long-Green-Green,0.55553,240.16,244.44,15:55:00,242.5701,Upper-Upper-Green-Green,1,0.0,None,0.0,Upper-Upper-Green-Green,0,-1,0.55553,1,0
2023-08-14,CALL,09:55:00,236.62,Bottom-Long-Red-Green,1.0438,234.35,250.24,15:55:00,239.0899,Bottom-Upper-Green-Red,1,0.0,None,0.0,Bottom-Upper-Green-Red,0,-1,1.0438,1,0
2023-08-16,PUT,10:30:00,231.18,Long-Long-Red-Red,2.258,233.87,215.04,15:55:00,225.96,Long-Upper-Red-Red,1,0.0,None,0.0,Long-Upper-Red-Red,0,-1,2.258,1,0
2023-08-17,C-PUT,10:00:00,223.13,Long-Long-Red-Green,-0.67674,221.62,232.19,14:35:00,221.62,Long-Long-Red-Red,0,221.5406,15:50:00,219.0824,Long-Bottom-Red-Red,1.1096,1,0.43286,1,13.423180592991823
2023-08-18,C-PUT,10:25:00,216.885,Upper-Long-Red-Green,-0.76308,215.23,226.81,10:40:00,215.23,Long-Long-Green-Red,0,215.69,11:25:00,213.19999999999996,Bottom-Long-Red-Red,1.1544,1,0.39136,1,18.661035507583744
2023-08-21,C-PUT,10:50:00,226.97,Bottom-Long-Red-Green,-0.37009,226.13,229.49,10:55:00,226.13,Long-Long-Green-Red,0,226.452,12:30:00,227.34,Long-Bottom-Green-Green,-0.39214,0,-0.76223,0,18.276072372433926
2023-08-22,PUT,10:25:00,236.3949,Bottom-Long-Red-Red,1.5165,238.36,224.6,15:55:00,232.81,Bottom-Long-Green-Green,1,0.0,None,0.0,Bottom-Long-Green-Green,0,-1,1.5165,1,0
2023-08-24,PUT,14:45:00,231.4,Long-Long-Red-Red,0.36301,232.92,222.28,15:55:00,230.56,Upper-Bottom-Green-Red,1,0.0,None,0.0,Upper-Bottom-Green-Red,0,-1,0.36301,1,0
2023-08-25,P-NULL,10:30:00,233.6113,Long-Long-Red-Red,-1.1427,236.28,217.59,14:15:00,236.2807,Bottom-Long-Green-Green,0,236.5728,None,0.0,Bottom-Long-Green-Green,0,-1,-1.1427,0,26.650366748166874
2023-08-28,C-NULL,10:25:00,240.04,Long-Long-Green-Green,-0.8207,238.07,251.86,11:10:00,238.07,Long-Upper-Red-Green,0,239.0009,None,0.0,Long-Upper-Red-Green,0,-1,-0.8207,0,17.68846503178933
2023-08-30,CALL,09:55:00,254.45,Long-Long-Red-Green,0.78601,250.59,277.61,15:55:00,256.45,Long-Long-Red-Green,1,0.0,None,0.0,Long-Long-Red-Green,0,-1,0.78601,1,0
2023-09-05,P-NULL,10:00:00,249.6525,Long-Long-Red-Red,-1.0899,252.37,233.33,10:15:00,252.3735,Long-Bottom-Green-Green,0,252.5334,None,0.0,Long-Bottom-Green-Green,0,-1,-1.0899,0,94.56048251982608
2023-09-06,P-CALL,09:50:00,249.3617,Upper-Long-Green-Red,-1.1583,252.25,232.03,10:05:00,252.25,Upper-Long-Green-Red,0,246.1741,10:10:00,240.3664,Long-Upper-Red-Green,-2.3592,1,-3.5175,0,99.446232350468
2023-09-07,P-CALL,09:55:00,244.7631,Long-Long-Red-Red,-1.4351,248.28,223.69,12:20:00,248.2757,Long-Long-Red-Green,0,248.49,13:35:00,251.58,Upper-Bottom-Green-Green,1.2435,1,-0.19159,0,0.0
2023-09-08,PUT,10:00:00,253.74,Bottom-Long-Green-Red,2.0809,256.47,237.36,15:55:00,248.46,Bottom-Long-Green-Green,1,0.0,None,0.0,Bottom-Long-Green-Green,0,-1,2.0809,1,0
2023-09-11,CALL,10:25:00,263.98,Upper-Long-Red-Green,3.1011,262.62,272.17,12:00:00,272.1664000000003,Long-Long-Green-Red,1,0.0,None,0.0,Long-Long-Green-Red,0,-1,3.1011,1,0
2023-09-12,PUT,10:30:00,273.57,Long-Long-Red-Red,2.1786,277.19,251.85,15:55:00,267.61,Long-Long-Red-Green,1,0.0,None,0.0,Long-Long-Red-Green,0,-1,2.1786,1,0
2023-09-13,PUT,09:55:00,271.1801,Upper-Long-Red-Red,-0.055277,274.54,251.02,15:55:00,271.33,Bottom-Long-Green-Green,0,0.0,None,0.0,Bottom-Long-Green-Green,0,-1,-0.055277,0,0
2023-09-15,C-NULL,10:20:00,274.29,Long-Long-Green-Green,-0.67447,272.44,285.39,14:20:00,272.44,Bottom-Upper-Red-Red,0,272.4469,None,0.0,Bottom-Upper-Red-Red,0,-1,-0.67447,0,15.964147286821342
2023-09-18,C-PUT,10:10:00,267.41,Bottom-Long-Green-Green,-0.67312,265.61,278.21,10:35:00,265.61,Bottom-Long-Red-Red,0,265.3131,11:25:00,267.17,Long-Long-Green-Green,-0.69989,0,-1.373,0,23.7729300941991
2023-09-19,CALL,11:10:00,264.1903,Long-Long-Green-Green,0.86858,262.93,267.97,15:55:00,266.485,Long-Long-Green-Red,1,0.0,None,0.0,Long-Long-Green-Red,0,-1,0.86858,1,0
2023-09-20,P-CALL,09:50:00,266.42,Bottom-Long-Red-Red,-0.73193,268.37,254.72,10:15:00,268.37,Long-Long-Green-Red,0,267.3401,11:00:00,266.76,Long-Long-Green-Red,-0.21699,0,-0.94892,0,69.65509493315267
2023-09-21,P-NULL,10:30:00,256.2667,Long-Long-Red-Red,-0.76612,258.23,244.49,11:00:00,258.23,Upper-Bottom-Green-Red,0,257.31,None,0.0,Upper-Bottom-Green-Red,0,-1,-0.76612,0,76.22950819672016
2023-09-22,P-CALL,10:30:00,254.1044,Upper-Long-Green-Red,-0.28162,254.82,251.96,10:40:00,254.82,Upper-Long-Green-Green,0,255.02,12:20:00,253.6301,Long-Upper-Red-Green,-0.54502,0,-0.82663,0,79.99599919984097
2023-09-25,CALL,10:35:00,243.403,Long-Long-Red-Green,1.0787,241.49,254.88,15:55:00,246.0286,Long-Bottom-Green-Green,1,0.0,None,0.0,Long-Bottom-Green-Green,0,-1,1.0787,1,0
2023-09-26,P-CALL,09:50:00,244.42,Upper-Long-Green-Red,-0.87554,246.56,231.58,10:35:00,246.56,Long-Long-Green-Green,0,247.4825,13:35:00,244.9301,Long-Bottom-Red-Red,-1.0313,0,-1.9069,0,76.84887459807362
2023-09-27,PUT,10:05:00,243.2748,Long-Long-Red-Red,1.1776,245.24,231.48,15:55:00,240.41,Upper-Long-Green-Green,1,0.0,None,0.0,Upper-Long-Green-Green,0,-1,1.1776,1,0
2023-09-28,C-NULL,09:55:00,242.9599,Bottom-Long-Red-Green,-0.95896,240.63,256.94,10:20:00,240.63,Long-Upper-Red-Red,0,240.72,None,0.0,Long-Upper-Red-Red,0,-1,-0.95896,0,33.09066843150332
2023-10-02,CALL,10:00:00,246.16,Upper-Long-Red-Green,2.0158,244.05,258.82,15:55:00,251.1222,Bottom-Upper-Red-Green,1,0.0,None,0.0,Bottom-Upper-Red-Green,0,-1,2.0158,1,0
2023-10-03,C-NULL,09:50:00,248.51,Bottom-Long-Green-Green,-0.8048,246.51,260.51,10:20:00,246.51,Bottom-Upper-Green-Green,0,247.2693,None,0.0,Bottom-Upper-Green-Green,0,-1,-0.8048,0,19.03368654119866
2023-10-04,P-NULL,10:05:00,251.56,Bottom-Long-Green-Red,-0.66783,253.24,241.48,10:35:00,253.24,Bottom-Long-Red-Green,0,254.275,None,0.0,Bottom-Long-Red-Green,0,-1,-0.66783,0,49.09365558912591
2023-10-05,PUT,09:50:00,260.26,Bottom-Long-Red-Red,0.053792,263.16,242.86,15:55:00,260.12,Upper-Long-Green-Red,1,0.0,None,0.0,Upper-Long-Green-Red,0,-1,0.053792,1,0
2023-10-09,P-CALL,10:05:00,254.6901,Bottom-Long-Green-Red,-0.69885,256.47,244.01,13:35:00,256.47,Long-Long-Green-Green,0,256.35,15:00:00,260.5800000000001,Long-Bottom-Green-Red,1.6501,1,0.95124,1,85.50488599348827
2023-10-10,PUT,13:00:00,265.305,Long-Long-Green-Red,0.61627,266.38,262.1,15:55:00,263.67,Long-Long-Green-Red,1,0.0,None,0.0,Long-Long-Green-Red,0,-1,0.61627,1,0
2023-10-11,C-NULL,10:55:00,265.7251,Upper-Long-Green-Green,-0.64544,264.01,276.02,11:30:00,264.01,Upper-Long-Green-Red,0,264.142,None,0.0,Upper-Long-Green-Red,0,-1,-0.64544,0,36.91389599318566
2023-10-12,C-PUT,10:05:00,264.46,Long-Long-Green-Green,-0.98692,261.85,280.12,10:50:00,261.85,Bottom-Long-Red-Green,0,262.81,10:55:00,262.97589999999997,Long-Long-Green-Red,-0.063125,1,-1.05,0,46.938775510201474
2023-10-16,C-NULL,10:10:00,252.67,Bottom-Long-Red-Green,-0.69656,250.91,263.23,13:30:00,250.91,Long-Upper-Red-Green,0,251.9499,None,0.0,Long-Upper-Red-Green,0,-1,-0.69656,0,6.080865966251127
2023-10-17,P-NULL,09:50:00,248.1201,Upper-Long-Green-Red,-0.66496,249.77,238.22,10:10:00,249.77,Bottom-Long-Green-Green,0,250.86,None,0.0,Bottom-Long-Green-Green,0,-1,-0.66496,0,44.196324726682654
2023-10-23,CALL,09:50:00,205.4283,Long-Long-Red-Green,3.2282,202.51,222.94,15:55:00,212.06,Long-Long-Green-Red,1,0.0,None,0.0,Long-Long-Green-Red,0,-1,3.2282,1,0
2023-10-24,PUT,10:45:00,218.95,Upper-Long-Green-Red,1.1738,220.23,211.27,15:55:00,216.38,Long-Bottom-Red-Red,1,0.0,None,0.0,Long-Bottom-Red-Red,0,-1,1.1738,1,0
2023-10-25,P-CALL,09:50:00,215.03,Long-Long-Red-Red,-1.5765,218.42,194.69,10:05:00,218.42,Long-Long-Green-Green,0,218.7,12:05:00,215.4,Long-Upper-Red-Red,-1.5089,0,-3.0854,0,39.56862440841139
2023-10-26,C-PUT,10:30:00,210.98,Bottom-Long-Green-Green,-1.2892,208.26,227.3,11:40:00,208.26,Bottom-Long-Green-Red,0,208.32,15:05:00,209.47,Long-Bottom-Green-Green,-0.55204,0,-1.8413,0,2.632527948066128
2023-10-27,PUT,11:35:00,209.12,Bottom-Long-Red-Red,1.3533,214.64,176,15:55:00,206.29,Upper-Bottom-Green-Red,1,0.0,None,0.0,Upper-Bottom-Green-Red,0,-1,1.3533,1,0
2023-10-30,P-NULL,09:50:00,208.8607,Long-Long-Red-Red,-0.96682,210.88,196.74,09:55:00,210.88,Long-Bottom-Red-Red,0,207.1101,None,0.0,Long-Bottom-Red-Red,0,-1,-0.96682,0,87.23404255319198
2023-11-01,P-CALL,10:00:00,202.275,Upper-Long-Red-Red,-0.60363,203.5,194.95,15:00:00,203.496,Long-Long-Green-Green,0,203.345,15:55:00,205.65,Long-Bottom-Green-Green,1.6685,1,1.0649,1,91.9354838709744
2023-11-02,P-CALL,10:05:00,214.46,Bottom-Long-Green-Red,-1.189,217.01,199.16,10:30:00,217.01,Upper-Upper-Green-Green,0,216.4308,10:35:00,215.7,Upper-Long-Green-Red,-0.33766,0,-1.5267,0,40.97948378557301
2023-11-03,C-PUT,10:20:00,224.285,Bottom-Long-Red-Green,-0.43917,223.3,227.24,10:25:00,223.3,Long-Long-Green-Red,0,222.6503,15:55:00,219.88,Long-Long-Green-Green,1.964,1,1.5248,1,83.2223147377267
2023-11-07,P-CALL,11:00:00,216.8,Bottom-Long-Red-Red,-0.52583,217.94,209.96,11:10:00,217.94,Upper-Long-Green-Green,0,218.21,15:55:00,221.956,Bottom-Long-Green-Red,2.3782,1,1.8524,1,97.50000000000213
2023-11-08,CALL,13:10:00,219.82,Long-Long-Green-Green,1.2692,218.63,226.96,15:55:00,222.61,Bottom-Bottom-Red-Green,1,0.0,None,0.0,Bottom-Bottom-Red-Green,0,-1,1.2692,1,0
2023-11-13,CALL,09:50:00,214.3478,Long-Long-Red-Green,4.5077,211.61,230.77,15:55:00,224.01,Long-Bottom-Green-Red,1,0.0,None,0.0,Long-Bottom-Green-Red,0,-1,4.5077,1,0
2023-11-14,P-CALL,09:50:00,232.585,Long-Long-Green-Red,-1.2533,235.5,215.1,11:45:00,235.5,Upper-Long-Green-Green,0,235.71,12:00:00,233.745,Long-Upper-Red-Red,-0.83365,0,-2.087,0,63.157894736837775
2023-11-15,P-NULL,09:55:00,239.155,Upper-Long-Red-Red,-1.1645,241.94,222.45,10:10:00,241.94,Long-Bottom-Green-Green,0,241.7845,None,0.0,Long-Bottom-Green-Green,0,-1,-1.1645,0,50.29085140137407
2023-11-16,C-NULL,09:50:00,239.53,Long-Long-Red-Green,-0.80574,237.6,251.11,10:20:00,237.6,Upper-Long-Red-Red,0,236.74,None,0.0,Upper-Long-Red-Red,0,-1,-0.80574,0,57.49999999999662
2023-11-17,CALL,09:55:00,229.155,Bottom-Long-Red-Green,2.4285,226.95,242.39,15:55:00,234.72,Long-Long-Red-Green,1,0.0,None,0.0,Long-Long-Red-Green,0,-1,2.4285,1,0
2023-11-20,P-CALL,10:05:00,232.8939,Bottom-Long-Red-Red,-1.1147,235.49,217.32,14:55:00,235.49,Long-Upper-Green-Green,0,235.36,15:45:00,236.89000000000007,Upper-Bottom-Green-Red,0.65007,1,-0.46465,0,43.74999999999667
2023-11-21,P-CALL,10:30:00,240.1727,Long-Long-Red-Red,-0.85243,242.22,227.89,11:35:00,242.22,Upper-Upper-Green-Green,0,242.165,12:35:00,241.1601,Long-Upper-Red-Red,-0.41497,0,-1.2674,0,21.50738731999476
2023-11-27,CALL,09:50:00,233.89,Long-Long-Red-Green,0.94916,232.44,242.59,15:55:00,236.11,Long-Long-Red-Red,1,0.0,None,0.0,Long-Long-Red-Red,0,-1,0.94916,1,0
2023-11-29,PUT,10:05:00,251.135,Bottom-Long-Red-Red,2.852,252.62,242.22,15:55:00,243.9726,Long-Upper-Green-Red,1,0.0,None,0.0,Long-Upper-Green-Red,0,-1,2.852,1,0
2023-12-01,P-CALL,10:20:00,234.18,Long-Long-Red-Red,-0.77718,236,223.26,11:05:00,236.0,Long-Long-Green-Green,0,236.37,15:55:00,238.18,Upper-Bottom-Green-Red,1.7081,1,0.93091,1,9.146434570163255
2023-12-04,CALL,11:50:00,236.285,Long-Long-Red-Green,-0.16717,235.53,238.55,15:55:00,235.89,Upper-Bottom-Green-Red,0,0.0,None,0.0,Upper-Bottom-Green-Red,0,-1,-0.16717,0,0
2023-12-05,PUT,12:40:00,241.8101,Long-Long-Red-Red,1.3689,243.55,231.37,15:55:00,238.5,Bottom-Bottom-Green-Red,1,0.0,None,0.0,Bottom-Bottom-Green-Red,0,-1,1.3689,1,0
2023-12-06,P-CALL,10:20:00,243.9665,Long-Long-Green-Red,-0.56299,245.34,235.73,11:35:00,245.34,Long-Long-Green-Red,0,244.04,11:40:00,243.52999999999994,Long-Upper-Red-Red,-0.20898,1,-0.77197,0,71.05263157894875
2023-12-07,C-PUT,13:10:00,241.23,Upper-Long-Red-Green,-0.41869,240.22,244.26,13:20:00,240.22,Long-Long-Red-Red,0,239.8806,13:55:00,241.2695,Bottom-Long-Red-Green,-0.579,0,-0.99768,0,48.79227053142816
2023-12-08,P-CALL,09:55:00,241.71,Long-Long-Red-Red,-0.71573,243.44,231.33,10:10:00,243.44,Long-Long-Green-Green,0,244.0796,11:45:00,242.4,Long-Long-Red-Red,-0.68814,0,-1.4039,0,54.835680751174046
2023-12-11,PUT,10:05:00,241.4499,Upper-Long-Green-Red,0.94442,242.21,239.17,11:35:00,239.16960000000003,Long-Long-Red-Red,1,0.0,None,0.0,Long-Long-Red-Red,0,-1,0.94442,1,0
2023-12-12,C-PUT,10:00:00,236.35,Upper-Long-Green-Green,-0.65581,234.8,245.65,10:50:00,234.8,Long-Long-Red-Red,0,234.955,13:50:00,236.2,Long-Long-Green-Green,-0.52989,0,-1.1857,0,47.674418604650164
2023-12-13,P-CALL,09:55:00,233.61,Upper-Long-Green-Red,-0.9075,235.73,220.89,14:50:00,235.73,Long-Long-Green-Green,0,237.5699,15:55:00,238.344,Upper-Upper-Red-Green,2.0265,1,1.119,1,56.8279936378102
2023-12-14,P-NULL,14:10:00,248.28,Bottom-Long-Green-Red,-0.33027,249.1,245.82,14:20:00,249.1,Bottom-Long-Red-Green,0,249.255,None,0.0,Bottom-Long-Red-Green,0,-1,-0.33027,0,0.0
2023-12-15,P-CALL,09:50:00,249.71,Bottom-Long-Green-Red,-1.2654,252.87,230.75,10:30:00,252.8699,Long-Long-Green-Green,0,252.7905,10:50:00,251.415,Long-Upper-Red-Red,-0.54413,0,-1.8096,0,77.74687065368201
2023-12-19,C-NULL,09:50:00,255.4336,Long-Long-Red-Green,-0.50835,254.14,263.22,10:00:00,254.1351,Bottom-Upper-Red-Red,0,254.66,None,0.0,Bottom-Upper-Red-Red,0,-1,-0.50835,0,21.428571428572155
2023-12-20,PUT,10:40:00,257.785,Bottom-Long-Red-Red,1.3209,258.92,254.38,14:35:00,254.38000000000005,Long-Long-Red-Red,1,0.0,None,0.0,Long-Long-Red-Red,0,-1,1.3209,1,0
2023-12-21,CALL,11:00:00,251.08,Upper-Long-Red-Green,1.378,249.65,259.66,15:55:00,254.54,Long-Bottom-Green-Green,1,0.0,None,0.0,Long-Bottom-Green-Green,0,-1,1.378,1,0
2023-12-22,P-NULL,09:55:00,256.25,Upper-Long-Red-Red,-0.58146,257.74,247.31,10:05:00,257.74,Bottom-Long-Red-Green,0,257.34,None,0.0,Bottom-Long-Red-Green,0,-1,-0.58146,0,100.0
2023-12-27,P-CALL,10:45:00,261.54,Upper-Long-Green-Red,-0.38617,262.55,258.51,11:45:00,262.55,Long-Long-Green-Green,0,262.8741,12:20:00,262.1646,Long-Upper-Red-Red,-0.2699,0,-0.65608,0,9.36947554507361
2024-01-02,C-PUT,10:55:00,248.9146,Bottom-Long-Red-Green,-0.45582,247.78,252.32,13:00:00,247.78,Bottom-Long-Red-Red,0,247.5814,13:20:00,248.38,Long-Long-Green-Green,-0.32256,0,-0.77838,0,12.869399428022069
2024-01-03,P-CALL,11:10:00,238.9433,Bottom-Long-Green-Red,-0.51757,240.18,231.52,12:00:00,240.18,Upper-Upper-Red-Green,0,240.08,12:20:00,239.5701,Bottom-Long-Red-Red,-0.21239,0,-0.72996,0,16.691957511379567
2024-01-04,CALL,09:55:00,240.3347,Bottom-Long-Green-Green,-0.92151,237.73,255.96,15:55:00,238.12,Long-Long-Red-Red,0,0.0,None,0.0,Long-Long-Red-Red,0,-1,-0.92151,0,0
2024-01-05,CALL,09:50:00,237.845,Upper-Long-Red-Green,-0.11142,234.9,255.51,15:55:00,237.58,Long-Upper-Green-Red,0,0.0,None,0.0,Long-Upper-Green-Red,0,-1,-0.11142,0,0
2024-01-08,C-PUT,10:35:00,237.35,Long-Long-Green-Green,-0.46762,236.24,240.68,10:40:00,236.2401,Long-Long-Green-Red,0,236.3519,11:05:00,237.42,Long-Long-Red-Green,-0.45191,0,-0.91953,0,3.207184092372754
2024-01-09,P-CALL,11:25:00,234.5262,Bottom-Long-Green-Red,-0.32568,235.29,232.23,12:00:00,235.29,Long-Long-Green-Green,0,235.135,12:50:00,233.97,Bottom-Long-Green-Red,-0.49546,0,-0.82114,0,89.21161825726821
2024-01-10,P-CALL,11:25:00,232.7999,Upper-Long-Red-Red,-0.36516,233.65,230.25,11:50:00,233.65,Long-Long-Green-Red,0,233.41,11:55:00,233.0101,Long-Long-Red-Red,-0.17133,0,-0.53649,0,60.97560975609883
2024-01-11,PUT,09:55:00,229.0201,Bottom-Long-Green-Red,0.86241,230.25,221.64,15:55:00,227.045,Upper-Upper-Red-Green,1,0.0,None,0.0,Upper-Upper-Red-Green,0,-1,0.86241,1,0
2024-01-12,PUT,10:05:00,223.0501,Long-Long-Red-Red,1.9722,225.34,209.31,15:55:00,218.651,Long-Upper-Red-Red,1,0.0,None,0.0,Long-Upper-Red-Red,0,-1,1.9722,1,0
2024-01-16,P-NULL,12:05:00,219.1623,Upper-Long-Green-Red,-0.33103,219.89,216.99,12:40:00,219.8878,Bottom-Long-Green-Green,0,219.9881,None,0.0,Bottom-Long-Green-Green,0,-1,-0.33103,0,73.58674463936426
2024-01-17,P-NULL,10:20:00,212.92,Upper-Long-Red-Red,-0.80782,214.64,202.6,15:00:00,214.64,Long-Bottom-Green-Green,0,214.59,None,0.0,Long-Bottom-Green-Green,0,-1,-0.80782,0,100.0
2024-01-18,C-PUT,09:50:00,215.2321,Bottom-Long-Red-Green,-0.73042,213.66,224.66,10:25:00,213.66,Long-Bottom-Red-Red,0,214.3801,11:00:00,211.89039999999997,Upper-Long-Green-Red,1.1613,1,0.43093,1,54.18691693201505
2024-01-22,C-PUT,09:50:00,212.9,Upper-Long-Red-Green,-0.6341,211.55,221,10:40:00,211.55,Long-Long-Red-Red,0,211.36,14:15:00,207.2218000000001,Bottom-Long-Green-Red,1.9579,1,1.3238,1,37.502343896494935
2024-01-23,PUT,09:50:00,212.59,Long-Long-Green-Red,1.5946,215.65,194.23,15:55:00,209.2,Long-Long-Red-Green,1,0.0,None,0.0,Long-Long-Red-Green,0,-1,1.5946,1,0
2024-01-24,PUT,09:50:00,209.5825,Bottom-Long-Red-Red,1.0319,212.73,190.7,15:55:00,207.4199,Upper-Long-Red-Red,1,0.0,None,0.0,Upper-Long-Red-Red,0,-1,1.0319,1,0
2024-01-26,P-NULL,10:05:00,184.17,Upper-Long-Green-Red,-0.57013,185.22,177.87,10:40:00,185.22,Long-Bottom-Green-Green,0,185.0518,None,0.0,Long-Bottom-Green-Green,0,-1,-0.57013,0,58.63576738084899
2024-01-29,CALL,10:10:00,185.2789,Bottom-Long-Red-Green,2.6345,183.73,194.57,15:55:00,190.16,Upper-Upper-Red-Red,1,0.0,None,0.0,Upper-Upper-Red-Red,0,-1,2.6345,1,0
2024-01-30,P-CALL,10:05:00,193.1382,Long-Long-Green-Red,-0.82418,194.73,183.59,10:30:00,194.73,Upper-Long-Green-Green,0,194.7988,11:05:00,193.8601,Upper-Long-Red-Red,-0.48188,0,-1.3061,0,49.30271869277251
2024-02-01,PUT,09:50:00,188.1991,Bottom-Long-Green-Red,-0.046972,189.88,178.11,15:55:00,188.2875,Bottom-Long-Red-Red,0,0.0,None,0.0,Bottom-Long-Red-Red,0,-1,-0.046972,0,0
2024-02-02,CALL,13:00:00,184.04,Long-Long-Green-Green,2.1897,182.6,192.68,15:55:00,188.07,Bottom-Bottom-Red-Green,1,0.0,None,0.0,Bottom-Bottom-Red-Green,0,-1,2.1897,1,0
2024-02-05,C-NULL,12:10:00,179.6344,Upper-Long-Green-Green,-0.6315,178.5,186.44,13:20:00,178.5,Bottom-Upper-Green-Green,0,182.5278,None,0.0,Bottom-Upper-Green-Green,0,-1,-0.6315,0,1.4371455316336923
2024-02-06,P-CALL,10:30:00,182.8699,Long-Long-Red-Red,-0.92268,184.56,172.75,10:55:00,184.5572,Long-Long-Green-Green,0,184.978,11:15:00,183.656,Long-Bottom-Red-Green,-0.71468,0,-1.6374,0,4.803843074459877
2024-02-07,CALL,10:30:00,186.19,Long-Long-Green-Green,0.80026,184.28,197.65,15:55:00,187.68,Long-Long-Red-Red,1,0.0,None,0.0,Long-Long-Red-Red,0,-1,0.80026,1,0
2024-02-08,CALL,09:50:00,187.695,Long-Long-Red-Green,0.88175,185.58,200.38,15:55:00,189.35,Long-Bottom-Green-Red,1,0.0,None,0.0,Long-Bottom-Green-Red,0,-1,0.88175,1,0
2024-02-12,P-CALL,09:50:00,192.18,Long-Long-Green-Red,-1.1968,194.48,178.38,10:00:00,194.48,Long-Long-Green-Green,0,194.27,10:20:00,192.1,Long-Upper-Red-Red,-1.117,0,-2.3138,0,56.14035087719246
2024-02-13,PUT,10:20:00,185.3965,Long-Long-Red-Red,1.2063,186.35,179.68,15:55:00,183.1601,Long-Long-Red-Green,1,0.0,None,0.0,Long-Long-Red-Green,0,-1,1.2063,1,0
2024-02-14,CALL,09:55:00,185.2869,Long-Long-Green-Green,1.637,183.35,196.91,15:55:00,188.32,Long-Bottom-Red-Red,1,0.0,None,0.0,Long-Bottom-Red-Red,0,-1,1.637,1,0
2024-02-15,P-CALL,09:55:00,191.8256,Bottom-Long-Green-Red,-0.92501,193.6,181.18,10:10:00,193.6,Long-Long-Green-Green,0,194.06,11:10:00,192.6801,Bottom-Bottom-Red-Red,-0.71107,0,-1.6361,0,87.24659994867827
2024-02-16,P-NULL,09:55:00,198.9,Long-Long-Red-Red,-1.9356,202.75,175.8,12:05:00,202.75,Bottom-Bottom-Green-Red,0,202.2401,None,0.0,Bottom-Bottom-Green-Red,0,-1,-1.9356,0,89.98714469361192
2024-02-21,PUT,10:25:00,196.402,Long-Long-Red-Red,1.1161,198.08,186.33,15:55:00,194.21,Long-Upper-Red-Red,1,0.0,None,0.0,Long-Upper-Red-Red,0,-1,1.1161,1,0
2024-02-22,CALL,11:00:00,193.2,Long-Long-Green-Green,1.1335,192.47,195.39,12:10:00,195.38999999999996,Long-Long-Green-Green,1,0.0,None,0.0,Long-Long-Green-Green,0,-1,1.1335,1,0
2024-02-23,PUT,09:50:00,195.91,Upper-Long-Green-Red,1.3169,196.77,193.33,09:55:00,193.32999999999996,Long-Upper-Red-Red,1,0.0,None,0.0,Long-Upper-Red-Red,0,-1,1.3169,1,0
2024-02-27,C-PUT,09:50:00,204.7512,Upper-Long-Green-Green,-1.8321,201,227.26,12:25:00,201.0,Long-Long-Red-Red,0,200.95,15:55:00,199.72,Long-Bottom-Green-Green,2.4572,1,0.62515,1,71.98879551820644
2024-03-01,CALL,09:50:00,199.945,Upper-Long-Green-Green,1.5354,198.5,208.61,15:55:00,203.015,Long-Long-Green-Red,1,0.0,None,0.0,Long-Long-Green-Red,0,-1,1.5354,1,0
2024-03-05,PUT,10:00:00,182.51,Bottom-Long-Red-Red,0.84373,184.59,170.03,15:55:00,180.9701,Long-Upper-Green-Green,1,0.0,None,0.0,Long-Upper-Green-Green,0,-1,0.84373,1,0
2024-03-06,CALL,10:35:00,176.8397,Long-Long-Green-Green,-0.043938,175.75,183.38,15:55:00,176.762,Long-Upper-Green-Red,0,0.0,None,0.0,Long-Upper-Green-Red,0,-1,-0.043938,0,0
2024-03-07,C-NULL,09:55:00,178.082,Upper-Long-Red-Green,-1.1074,176.11,189.91,10:05:00,176.11,Upper-Long-Red-Red,0,175.9304,None,0.0,Upper-Long-Red-Red,0,-1,-1.1074,0,0.0
2024-03-11,PUT,10:25:00,179.2265,Long-Long-Green-Red,1.1753,180.74,170.15,15:55:00,177.12,Bottom-Upper-Green-Red,1,0.0,None,0.0,Bottom-Upper-Green-Red,0,-1,1.1753,1,0
2024-03-12,CALL,10:10:00,173.888,Upper-Long-Red-Green,2.1117,172.62,181.5,15:55:00,177.56,Long-Long-Red-Red,1,0.0,None,0.0,Long-Long-Red-Red,0,-1,2.1117,1,0
2024-03-13,PUT,10:00:00,173.5599,Bottom-Long-Red-Red,2.3526,174.84,165.88,15:55:00,169.4768,Long-Long-Green-Red,1,0.0,None,0.0,Long-Long-Green-Red,0,-1,2.3526,1,0
2024-03-15,PUT,09:50:00,163.0,Bottom-Long-Red-Red,-0.34356,165.1,150.4,15:55:00,163.56,Long-Long-Red-Green,0,0.0,None,0.0,Long-Long-Red-Green,0,-1,-0.34356,0,0
2024-03-18,CALL,10:10:00,167.79,Bottom-Long-Red-Green,3.2827,166.87,173.3,11:05:00,173.29799999999986,Long-Long-Green-Green,1,0.0,None,0.0,Long-Long-Green-Green,0,-1,3.2827,1,0
2024-03-19,CALL,10:10:00,169.92,Upper-Long-Green-Green,0.99459,168.3,179.64,15:55:00,171.61,Long-Long-Green-Red,1,0.0,None,0.0,Long-Long-Green-Red,0,-1,0.99459,1,0
2024-03-20,C-PUT,09:55:00,172.8099,Long-Long-Green-Green,-0.79272,171.44,181.03,10:05:00,171.44,Long-Long-Red-Red,0,171.396,10:55:00,173.04,Long-Long-Red-Green,-0.95918,0,-1.7519,0,53.19148936170245
2024-03-21,PUT,09:50:00,175.575,Upper-Long-Red-Red,1.3698,177.45,164.32,15:55:00,173.17,Long-Long-Red-Green,1,0.0,None,0.0,Long-Long-Red-Green,0,-1,1.3698,1,0
2024-03-22,CALL,09:55:00,168.3155,Long-Long-Green-Green,1.583,166.47,179.39,15:55:00,170.98,Long-Bottom-Red-Green,1,0.0,None,0.0,Long-Bottom-Red-Green,0,-1,1.583,1,0
2024-03-25,PUT,09:50:00,172.995,Long-Long-Red-Red,0.28035,175.24,159.52,15:55:00,172.51,Bottom-Upper-Green-Red,1,0.0,None,0.0,Bottom-Upper-Green-Red,0,-1,0.28035,1,0
2024-03-26,C-NULL,11:40:00,182.13,Upper-Long-Red-Green,-0.53259,181.16,187.95,11:50:00,181.16,Long-Long-Red-Red,0,181.06,None,0.0,Long-Long-Red-Red,0,-1,-0.53259,0,0.0
2024-03-27,CALL,10:35:00,178.42,Bottom-Long-Green-Green,0.80989,177.51,183.88,15:55:00,179.865,Long-Long-Green-Red,1,0.0,None,0.0,Long-Long-Green-Red,0,-1,0.80989,1,0
2024-04-01,C-PUT,09:55:00,175.705,Upper-Long-Green-Green,-0.91915,174.09,185.4,10:15:00,174.09,Bottom-Long-Red-Red,0,173.29,15:55:00,174.05,Long-Long-Red-Green,0.94192,1,0.022765,1,11.497730711040036
2024-04-02,CALL,11:25:00,165.6854,Upper-Long-Green-Green,0.41929,164.38,173.52,15:55:00,166.3801,Long-Upper-Green-Green,1,0.0,None,0.0,Long-Upper-Green-Green,0,-1,0.41929,1,0
2024-04-03,CALL,10:00:00,164.91,Bottom-Long-Red-Green,2.1,163.55,173.07,15:55:00,168.3731,Long-Long-Green-Green,1,0.0,None,0.0,Long-Long-Green-Green,0,-1,2.1,1,0
2024-04-04,P-CALL,10:05:00,168.72,Long-Long-Red-Red,-0.4623,169.5,166.38,10:10:00,169.5,Long-Long-Red-Green,0,169.655,11:50:00,173.49919999999997,Long-Long-Green-Green,2.2659,1,1.8036,1,38.775510204084945
2024-04-05,C-PUT,09:55:00,169.75,Upper-Long-Green-Green,-1.5493,167.12,185.53,11:10:00,167.12,Long-Long-Red-Red,0,166.465,15:55:00,165.325,Bottom-Long-Green-Red,2.6068,1,1.0574,1,10.07685738684776
2024-04-08,CALL,10:25:00,171.56,Bottom-Long-Red-Green,1.329,170.8,173.84,11:00:00,173.83999999999997,Long-Bottom-Green-Red,1,0.0,None,0.0,Long-Bottom-Green-Red,0,-1,1.329,1,0
2024-04-09,PUT,10:55:00,175.9499,Bottom-Long-Green-Red,-0.31265,177.09,169.11,15:55:00,176.5,Long-Upper-Green-Green,0,0.0,None,0.0,Long-Upper-Green-Green,0,-1,-0.31265,0,0
2024-04-10,P-NULL,10:30:00,172.1363,Upper-Long-Red-Red,-0.49008,172.98,169.61,10:35:00,172.9799,Long-Bottom-Red-Green,0,172.59,None,0.0,Long-Bottom-Red-Green,0,-1,-0.49008,0,86.20689655172652
2024-04-11,CALL,11:25:00,170.8001,Long-Long-Green-Green,1.4403,169.98,173.26,13:15:00,173.26009999999997,Long-Long-Green-Green,1,0.0,None,0.0,Long-Long-Green-Green,0,-1,1.4403,1,0
2024-04-12,P-CALL,09:50:00,171.9199,Bottom-Long-Red-Red,-0.64571,173.03,165.26,10:10:00,173.03,Upper-Long-Red-Green,0,173.42,10:30:00,172.0,Bottom-Long-Green-Red,-0.81882,0,-1.4645,0,33.33333333333333
2024-04-15,C-NULL,11:30:00,166.3,Upper-Long-Green-Green,-0.51714,165.44,171.46,12:20:00,165.44,Long-Long-Red-Red,0,165.25,None,0.0,Long-Long-Red-Red,0,-1,-0.51714,0,0.0
2024-04-16,CALL,10:45:00,156.17,Bottom-Long-Red-Green,0.7812,154.95,163.49,15:55:00,157.39,Upper-Long-Green-Green,1,0.0,None,0.0,Upper-Long-Green-Green,0,-1,0.7812,1,0
2024-04-17,C-PUT,10:40:00,155.22,Upper-Long-Green-Green,-0.39299,154.61,157.05,10:55:00,154.61,Long-Long-Red-Red,0,154.32,11:05:00,155.43,Long-Long-Green-Green,-0.71928,0,-1.1123,0,33.333333333326316
2024-04-18,P-CALL,10:25:00,150.2079,Upper-Long-Green-Red,-0.52068,150.99,145.52,10:30:00,150.99,Long-Long-Red-Green,0,151.26,12:20:00,149.9,Bottom-Upper-Red-Green,-0.89911,0,-1.4198,0,85.7755539671156
2024-04-22,P-CALL,10:25:00,141.67,Bottom-Long-Green-Red,-0.97409,143.05,133.39,13:55:00,143.05,Long-Long-Red-Green,0,143.2801,14:05:00,142.5,Long-Long-Red-Red,-0.54446,0,-1.5186,0,32.25545675019683
2024-04-24,C-NULL,09:50:00,162.73,Bottom-Long-Green-Green,-2.0525,159.39,182.77,12:10:00,159.39,Upper-Long-Green-Red,0,158.86,None,0.0,Upper-Long-Green-Red,0,-1,-2.0525,0,71.61778618732502
2024-04-25,P-CALL,10:10:00,161.48,Bottom-Long-Red-Red,-1.0837,163.23,150.98,10:15:00,163.23,Long-Long-Red-Green,0,163.42,15:25:00,169.98999999999998,Upper-Long-Green-Green,4.0203,1,2.9366,1,77.27272727273491
2024-04-26,P-CALL,09:55:00,167.825,Upper-Long-Green-Red,-0.87889,169.3,158.97,10:05:00,169.3,Long-Upper-Green-Green,0,169.02,14:35:00,167.7,Bottom-Long-Green-Red,-0.78097,0,-1.6599,0,23.57142857142734
2024-04-29,CALL,10:45:00,188.5501,Upper-Long-Green-Green,2.9752,185.43,207.27,15:55:00,194.1599,Bottom-Bottom-Green-Green,1,0.0,None,0.0,Bottom-Bottom-Green-Green,0,-1,2.9752,1,0
2024-05-01,P-CALL,10:05:00,181.59,Bottom-Long-Green-Red,-1.2446,183.85,168.03,14:45:00,183.85,Upper-Long-Green-Green,0,185.085,15:55:00,181.0417,Upper-Long-Green-Red,-2.1846,0,-3.4291,0,18.670438472416027
2024-05-02,CALL,11:00:00,179.56,Long-Long-Green-Green,0.3787,178.27,187.3,15:55:00,180.24,Long-Long-Green-Red,1,0.0,None,0.0,Long-Long-Green-Red,0,-1,0.3787,1,0
2024-05-03,PUT,10:05:00,182.56,Upper-Long-Green-Red,0.55324,184.14,173.08,15:55:00,181.55,Long-Long-Red-Green,1,0.0,None,0.0,Long-Long-Red-Green,0,-1,0.55324,1,0
2024-05-06,PUT,10:10:00,185.4302,Long-Long-Red-Red,0.35604,187.4,173.61,15:55:00,184.77,Upper-Upper-Green-Green,1,0.0,None,0.0,Upper-Upper-Green-Green,0,-1,0.35604,1,0
2024-05-07,PUT,11:30:00,179.47,Long-Long-Red-Red,0.76893,180.38,174.01,15:55:00,178.09,Long-Long-Green-Green,1,0.0,None,0.0,Long-Long-Green-Green,0,-1,0.76893,1,0
2024-05-09,PUT,10:25:00,173.6928,Bottom-Long-Red-Red,0.98173,174.72,167.53,15:55:00,171.9876,Long-Bottom-Green-Green,1,0.0,None,0.0,Long-Bottom-Green-Green,0,-1,0.98173,1,0
2024-05-13,PUT,10:40:00,173.18,Upper-Long-Red-Red,0.72422,174.73,163.88,15:55:00,171.9258,Upper-Bottom-Red-Green,1,0.0,None,0.0,Upper-Bottom-Red-Green,0,-1,0.72422,1,0
2024-05-14,C-NULL,09:50:00,177.301,Upper-Long-Green-Green,-1.0327,175.47,188.29,10:05:00,175.47,Long-Upper-Red-Red,0,175.585,None,0.0,Long-Upper-Red-Red,0,-1,-1.0327,0,0.0
2024-05-15,C-PUT,11:20:00,175.0756,Upper-Long-Green-Green,-0.64292,173.95,181.83,15:50:00,173.95,Long-Long-Red-Red,0,173.97,15:55:00,174.27,Long-Long-Red-Green,0.46014,1,-0.18278,0,71.20230381569597
2024-05-16,CALL,10:05:00,173.8501,Long-Long-Red-Green,0.70745,172.54,181.71,15:55:00,175.08,Bottom-Long-Green-Green,1,0.0,None,0.0,Bottom-Long-Green-Green,0,-1,0.70745,1,0
2024-05-17,P-NULL,13:55:00,176.56,Long-Long-Red-Red,-0.47576,177.4,174.04,15:45:00,177.4,Long-Long-Green-Green,0,177.4,None,0.0,Long-Long-Green-Green,0,-1,-0.47576,0,100.0
2024-05-20,C-NULL,10:10:00,175.3801,Long-Long-Green-Green,-0.88955,173.82,184.74,11:55:00,173.82,Upper-Long-Red-Red,0,173.862,None,0.0,Upper-Long-Red-Red,0,-1,-0.88955,0,22.668688400301313
2024-05-21,C-PUT,10:05:00,179.35,Bottom-Long-Red-Green,-0.74714,178.01,187.39,10:25:00,178.01,Bottom-Long-Red-Red,0,177.83,10:40:00,178.58,Upper-Long-Red-Green,-0.42175,0,-1.1689,0,41.13491876618809
2024-05-23,C-PUT,12:05:00,177.33,Long-Long-Red-Green,-0.24249,176.9,178.62,13:00:00,176.9,Long-Long-Red-Red,0,176.69,13:55:00,175.01,Long-Long-Red-Red,0.95082,1,0.70833,1,83.33333333332544
2024-05-24,P-NULL,10:00:00,175.09,Upper-Long-Red-Red,-0.74819,176.4,167.23,10:05:00,176.4,Long-Long-Red-Green,0,176.4556,None,0.0,Long-Long-Red-Green,0,-1,-0.74819,0,100.0
2024-05-28,P-NULL,09:50:00,173.72,Upper-Long-Green-Red,-0.43173,174.47,171.47,09:55:00,174.47,Long-Long-Red-Green,0,174.7754,None,0.0,Long-Long-Red-Green,0,-1,-0.43173,0,100.0
2024-05-29,P-CALL,09:50:00,175.27,Long-Long-Red-Red,-1.4093,177.74,160.45,15:30:00,177.74,Long-Long-Green-Green,0,177.625,15:50:00,177.13,Long-Long-Red-Red,-0.27868,0,-1.6879,0,95.39320614238497
2024-05-30,PUT,10:40:00,179.3699,Long-Long-Red-Red,0.47383,181.43,167.01,15:55:00,178.52,Long-Long-Red-Green,1,0.0,None,0.0,Long-Long-Red-Green,0,-1,0.47383,1,0
2024-06-03,PUT,10:10:00,180.2399,Long-Long-Green-Red,2.3801,181.52,172.56,15:55:00,175.9501,Bottom-Upper-Green-Red,1,0.0,None,0.0,Bottom-Upper-Green-Red,0,-1,2.3801,1,0
2024-06-04,C-PUT,09:50:00,176.5624,Upper-Long-Red-Green,-0.79938,175.15,185.03,10:00:00,175.151,Long-Long-Red-Red,0,175.46,14:45:00,177.08,Long-Long-Green-Green,-0.92329,0,-1.7227,0,20.93023255813477
2024-06-06,CALL,11:10:00,174.4104,Upper-Long-Green-Green,1.4972,173.54,177.02,12:50:00,177.02160000000006,Long-Bottom-Green-Green,1,0.0,None,0.0,Long-Bottom-Green-Green,0,-1,1.4972,1,0
2024-06-07,P-CALL,09:50:00,177.57,Long-Long-Green-Red,-0.79968,178.99,169.05,10:50:00,178.99,Long-Long-Green-Green,0,179.31,11:10:00,178.11,Upper-Long-Green-Red,-0.66923,0,-1.4689,0,18.211559432933054
2024-06-10,PUT,10:00:00,176.89,Long-Long-Red-Red,1.6099,178.41,167.77,15:55:00,174.0422,Long-Long-Red-Green,1,0.0,None,0.0,Long-Long-Red-Green,0,-1,1.6099,1,0
2024-06-11,P-NULL,13:50:00,168.8499,Bottom-Long-Red-Red,-0.42647,169.57,166.69,14:00:00,169.57,Long-Long-Green-Green,0,169.5022,None,0.0,Long-Long-Green-Green,0,-1,-0.42647,0,100.0
2024-06-18,C-PUT,09:55:00,184.845,Upper-Long-Red-Green,-0.8737,183.23,194.54,10:45:00,183.23,Bottom-Long-Red-Red,0,182.67,11:15:00,183.87,Long-Long-Green-Green,-0.65692,0,-1.5306,0,64.31956668924018
2024-06-20,C-PUT,10:40:00,182.805,Long-Long-Red-Green,-0.4158,182.04,185.09,12:25:00,182.0449,Bottom-Long-Red-Red,0,181.87,15:55:00,181.6,Long-Bottom-Green-Red,0.65917,1,0.24337,1,92.27202472952814
2024-06-21,P-NULL,09:50:00,181.3312,Upper-Long-Red-Red,-1.3339,183.75,166.82,10:55:00,183.75,Long-Bottom-Green-Green,0,183.4642,None,0.0,Long-Bottom-Green-Green,0,-1,-1.3339,0,67.9535599384506
2024-06-24,PUT,10:10:00,186.2601,Bottom-Long-Green-Red,1.5624,188.29,174.08,15:55:00,183.35,Long-Long-Red-Green,1,0.0,None,0.0,Long-Long-Red-Green,0,-1,1.5624,1,0
2024-06-25,CALL,09:55:00,183.9911,Bottom-Long-Green-Green,1.6815,182.88,190.66,15:55:00,187.085,Long-Long-Red-Green,1,0.0,None,0.0,Long-Long-Red-Green,0,-1,1.6815,1,0
2024-06-27,P-NULL,10:40:00,196.1599,Upper-Long-Green-Red,-0.45886,197.06,193.46,13:40:00,197.06,Upper-Bottom-Green-Red,0,196.7399,None,0.0,Upper-Bottom-Green-Red,0,-1,-0.45886,0,70.10343677010023
2024-07-02,P-CALL,13:40:00,226.3,Upper-Long-Red-Red,-0.54795,227.54,218.86,14:05:00,227.54,Long-Upper-Green-Green,0,227.4207,14:30:00,228.98280000000003,Upper-Bottom-Green-Green,0.68688,1,0.13893,1,47.39521466146059
2024-07-05,CALL,09:55:00,247.1471,Upper-Long-Green-Green,1.559,242.46,275.27,15:55:00,251.0,Bottom-Long-Red-Green,1,0.0,None,0.0,Bottom-Long-Red-Green,0,-1,1.559,1,0
2024-07-08,CALL,10:00:00,249.59,Long-Long-Green-Green,1.7028,244.57,279.71,15:55:00,253.84,Long-Long-Green-Green,1,0.0,None,0.0,Long-Long-Green-Green,0,-1,1.7028,1,0
2024-07-10,P-CALL,11:00:00,261.205,Upper-Long-Green-Red,-0.36944,262.17,258.31,11:10:00,262.17,Upper-Long-Green-Green,0,263.2,15:55:00,264.522,Long-Upper-Red-Green,1.2699,1,0.90044,1,32.25806451612992
2024-07-11,PUT,10:20:00,265.49,Long-Long-Red-Red,9.3073,271,232.43,15:55:00,240.78,Long-Long-Red-Red,1,0.0,None,0.0,Long-Long-Red-Red,0,-1,9.3073,1,0
2024-07-15,PUT,13:05:00,259.9399,Bottom-Long-Green-Red,2.6141,261.87,248.36,15:55:00,253.1448,Long-Long-Red-Green,1,0.0,None,0.0,Long-Long-Red-Green,0,-1,2.6141,1,0
2024-07-16,P-NULL,12:20:00,250.3747,Upper-Long-Red-Red,-0.92473,252.69,236.48,12:50:00,252.69,Bottom-Long-Red-Green,0,252.79,None,0.0,Bottom-Long-Red-Green,0,-1,-0.92473,0,64.09335727109709
2024-07-17,PUT,10:10:00,252.7081,Long-Long-Red-Red,1.7839,258.1,220.36,15:55:00,248.2,Long-Long-Green-Green,1,0.0,None,0.0,Long-Long-Green-Green,0,-1,1.7839,1,0
2024-07-18,CALL,09:55:00,251.25,Long-Long-Green-Green,-1.0507,247.2,275.55,15:55:00,248.61,Long-Long-Green-Red,0,0.0,None,0.0,Long-Long-Green-Red,0,-1,-1.0507,0,0
2024-07-22,P-NULL,10:10:00,247.197,Bottom-Long-Red-Red,-1.6032,251.16,223.42,13:30:00,251.16,Long-Bottom-Green-Green,0,250.965,None,0.0,Long-Bottom-Green-Green,0,-1,-1.6032,0,69.86301369863259
2024-07-24,C-PUT,11:35:00,219.57,Long-Long-Green-Green,-1.2616,216.8,236.19,15:55:00,216.8,Long-Long-Red-Red,0,216.12,None,0.0,Long-Long-Red-Red,0,-1,-1.2616,0,33.333333333339645
2024-07-25,P-CALL,10:00:00,219.7088,Bottom-Long-Green-Red,-1.4661,222.93,200.38,10:30:00,222.93,Upper-Long-Green-Green,0,224.36,15:55:00,221.09,Upper-Long-Red-Red,0.62865,1,-0.83747,0,13.185654008435401
2024-07-26,C-PUT,09:55:00,219.675,Bottom-Long-Red-Green,-0.80801,217.9,230.33,10:10:00,217.9,Long-Long-Red-Red,0,216.8799,12:55:00,220.8299,Upper-Bottom-Red-Green,-1.8213,0,-2.6293,0,32.65972647479159
2024-07-29,P-CALL,11:10:00,230.3,Bottom-Long-Red-Red,-0.53409,231.53,222.92,12:35:00,231.53,Upper-Long-Green-Green,0,231.73,15:15:00,230.34,Bottom-Long-Red-Red,-0.59984,0,-1.1339,0,45.71428571428989
2024-07-30,P-CALL,10:00:00,228.505,Bottom-Long-Green-Red,-0.79867,230.33,217.55,10:15:00,230.33,Long-Upper-Green-Green,0,230.6319,11:00:00,228.19,Upper-Long-Red-Red,-1.0588,0,-1.8575,0,15.727138139164762
2024-08-01,C-PUT,10:00:00,228.9317,Bottom-Long-Red-Green,-0.59039,227.58,237.04,10:20:00,227.5801,Long-Long-Red-Red,0,227.8361,11:45:00,223.44439999999992,Long-Long-Red-Red,1.9276,1,1.3372,1,2.7314941272852256
2024-08-02,PUT,10:00:00,213.925,Upper-Long-Red-Red,3.3774,215.8,202.68,15:55:00,206.7,Bottom-Upper-Green-Green,1,0.0,None,0.0,Bottom-Upper-Green-Green,0,-1,3.3774,1,0
2024-08-05,P-NULL,14:50:00,196.52,Long-Long-Red-Red,-0.77855,198.05,187.34,15:30:00,198.05,Bottom-Long-Green-Green,0,198.2306,None,0.0,Bottom-Long-Green-Green,0,-1,-0.77855,0,13.35123260922547
2024-08-06,CALL,09:55:00,197.395,Long-Long-Green-Green,1.6642,192.67,225.75,15:55:00,200.68,Bottom-Long-Red-Red,1,0.0,None,0.0,Bottom-Long-Red-Red,0,-1,1.6642,1,0
2024-08-08,CALL,10:00:00,194.2799,Upper-Long-Red-Green,2.5273,192.04,207.72,15:55:00,199.19,Long-Upper-Red-Green,1,0.0,None,0.0,Long-Upper-Red-Green,0,-1,2.5273,1,0
2024-08-12,P-NULL,09:55:00,195.72,Long-Long-Green-Red,-1.1292,197.93,182.46,10:40:00,197.93,Bottom-Long-Green-Green,0,197.86,None,0.0,Bottom-Long-Green-Green,0,-1,-1.1292,0,66.66666666666517
2024-08-14,C-PUT,11:55:00,202.71,Long-Long-Red-Green,-0.44398,201.81,205.41,12:20:00,201.81,Long-Long-Red-Red,0,201.5669,15:55:00,201.0487,Long-Long-Green-Green,0.81955,1,0.37556,1,91.02972399151143
2024-08-16,PUT,10:45:00,216.5601,Bottom-Long-Red-Red,-0.023042,218.25,206.42,15:55:00,216.61,Upper-Long-Red-Green,0,0.0,None,0.0,Upper-Long-Red-Green,0,-1,-0.023042,0,0
2024-08-20,PUT,10:00:00,225.4,Upper-Long-Green-Red,1.3975,226.45,222.25,10:15:00,222.25000000000006,Upper-Long-Red-Red,1,0.0,None,0.0,Upper-Long-Red-Red,0,-1,1.3975,1,0
2024-08-21,PUT,10:00:00,222.64,Bottom-Long-Green-Red,-0.11229,224.66,210.52,15:55:00,222.89,Upper-Long-Green-Green,0,0.0,None,0.0,Upper-Long-Green-Green,0,-1,-0.11229,0,0
2024-08-23,P-CALL,10:50:00,217.9878,Upper-Long-Green-Red,-1.1654,220.53,202.75,15:20:00,220.5282,Long-Long-Green-Green,0,220.52,15:55:00,220.7,Upper-Long-Green-Green,1.2442,1,0.078812,1,41.17647058823431
2024-08-26,PUT,10:10:00,216.18,Bottom-Long-Red-Red,1.4109,217.69,207.12,15:55:00,213.13,Long-Bottom-Green-Green,1,0.0,None,0.0,Long-Bottom-Green-Green,0,-1,1.4109,1,0
2024-08-27,P-NULL,14:10:00,209.75375,Bottom-Long-Red-Red,-0.26996,210.32,208.06,15:15:00,210.32,Long-Bottom-Green-Green,0,210.28,None,0.0,Long-Bottom-Green-Green,0,-1,-0.26996,0,76.30128597672534
2024-08-28,C-PUT,10:00:00,208.575,Upper-Long-Red-Green,-1.1051,206.27,222.4,10:45:00,206.27,Bottom-Long-Red-Red,0,206.15,15:55:00,205.82,Bottom-Upper-Green-Red,1.3209,1,0.21575,1,70.87378640776673
2024-08-29,PUT,10:05:00,212.1199,Bottom-Long-Red-Red,2.7107,214.89,195.5,15:55:00,206.37,Bottom-Bottom-Red-Red,1,0.0,None,0.0,Bottom-Bottom-Red-Red,0,-1,2.7107,1,0
2024-09-03,PUT,10:45:00,215.4534,Bottom-Long-Green-Red,2.3501,217.15,205.27,15:55:00,210.39,Upper-Bottom-Green-Red,1,0.0,None,0.0,Upper-Bottom-Green-Red,0,-1,2.3501,1,0
2024-09-05,PUT,11:05:00,230.31,Long-Long-Red-Red,0.52104,232.69,216.03,15:55:00,229.11,Upper-Upper-Green-Green,1,0.0,None,0.0,Upper-Upper-Green-Green,0,-1,0.52104,1,0
2024-09-09,P-CALL,09:50:00,215.82,Long-Long-Red-Red,-1.5013,219.06,196.38,10:05:00,219.06,Long-Long-Green-Green,0,219.04,10:50:00,215.61,Bottom-Upper-Red-Green,-1.5659,0,-3.0672,0,70.96774193548299
2024-09-10,C-PUT,09:50:00,223.3461,Long-Long-Green-Green,-1.7086,219.53,246.24,12:10:00,219.5301,Long-Long-Red-Red,0,219.5935,13:15:00,220.89,Long-Long-Green-Green,-0.59041,0,-2.299,0,88.09746954076769
2024-09-11,C-PUT,10:05:00,223.3665,Bottom-Long-Red-Green,-0.8983,221.36,235.41,10:15:00,221.36,Long-Long-Red-Red,0,220.55,13:10:00,223.67,Long-Bottom-Green-Green,-1.4146,0,-2.3129,0,91.66666666666272
2024-09-12,PUT,09:50:00,227.9667,Bottom-Long-Green-Red,-0.45327,231.45,207.07,15:55:00,229.0,Long-Long-Red-Red,0,0.0,None,0.0,Long-Long-Red-Red,0,-1,-0.45327,0,0
2024-09-13,PUT,09:55:00,230.375,Long-Long-Red-Red,0.14976,232.5,217.62,15:55:00,230.03,Bottom-Bottom-Red-Green,1,0.0,None,0.0,Bottom-Bottom-Red-Green,0,-1,0.14976,1,0
2024-09-16,P-CALL,10:35:00,225.1581,Long-Long-Green-Red,-1.0179,227.45,211.41,10:45:00,227.45,Long-Long-Green-Green,0,227.3637,15:55:00,227.169,Long-Long-Red-Green,0.89311,1,-0.1248,0,68.01613942291172
2024-09-17,P-CALL,09:50:00,230.0529,Bottom-Long-Red-Red,-1.1811,232.77,213.75,10:05:00,232.77,Long-Long-Green-Green,0,234.35,10:25:00,231.675465,Long-Upper-Red-Red,-1.1413,0,-2.3223,0,43.99999999999977
2024-09-18,C-PUT,09:50:00,228.61,Bottom-Long-Green-Green,-0.62989,227.17,237.25,12:05:00,227.17,Long-Long-Red-Red,0,227.0101,12:20:00,228.45,Long-Bottom-Green-Red,-0.63429,0,-1.2642,0,7.071428571420394
